pt_dir,epoch_filename,sentences,total_rows,predicted_correct,predicted_correct (%)
/mnt/g/Logtemp/open_clip/Body_Parts_XRay/2023_08_23-07_20_30-model_coca_ViT-L-14-lr_2e-06-b_32-j_4-p_amp/checkpoints,epoch_3,"['Ankle, Feet', 'Hand, Wrist', 'Chest, Finger', 'Pelvis', 'Feet', 'Hip, Knee, Thigh', 'Ankle, Knee, Lower Leg', 'Lumbar Spine', 'Cervical Spine', 'Cervical Spine, Lumbar Spine, Thoracic Spine', 'Clavicles', 'Finger', 'Lower Leg', 'Hip', 'Thigh', 'Chest, Pelvis', 'Knee', 'Shoulder', 'Chest', 'Forearm', 'Thoracic Spine', 'Hip, Thigh', 'Pelvis, Thigh', 'Ankle, Lower Leg', 'Hand', 'Chest, Feet', 'Abdomen', 'Elbow, Forearm', 'Sinus', 'Skull', 'Lumbar Spine, Thoracic Spine', 'Elbow', 'Wrist', 'Abdomen, Chest', 'Ankle', 'Finger, Hand', 'Abdomen, Pelvis', 'Forearm, Shoulder', 'Others', 'Cervical Spine, Thoracic Spine', 'Knee, Lower Leg']",174,29,16.666666666666664
/mnt/g/Logtemp/open_clip/Body_Parts_XRay/2023_08_23-07_20_30-model_coca_ViT-L-14-lr_2e-06-b_32-j_4-p_amp/checkpoints,epoch_6,"['Ankle, Feet', 'Hand, Wrist', 'Chest, Finger', 'Pelvis', 'Feet', 'Hip, Knee, Thigh', 'Ankle, Knee, Lower Leg', 'Lumbar Spine', 'Cervical Spine', 'Cervical Spine, Lumbar Spine, Thoracic Spine', 'Clavicles', 'Finger', 'Lower Leg', 'Hip', 'Thigh', 'Chest, Pelvis', 'Knee', 'Shoulder', 'Chest', 'Forearm', 'Thoracic Spine', 'Hip, Thigh', 'Pelvis, Thigh', 'Ankle, Lower Leg', 'Hand', 'Chest, Feet', 'Abdomen', 'Elbow, Forearm', 'Sinus', 'Skull', 'Lumbar Spine, Thoracic Spine', 'Elbow', 'Wrist', 'Abdomen, Chest', 'Ankle', 'Finger, Hand', 'Abdomen, Pelvis', 'Forearm, Shoulder', 'Others', 'Cervical Spine, Thoracic Spine', 'Knee, Lower Leg']",174,42,24.137931034482758
/mnt/g/Logtemp/open_clip/Body_Parts_XRay/2023_08_23-07_20_30-model_coca_ViT-L-14-lr_2e-06-b_32-j_4-p_amp/checkpoints,epoch_9,"['Ankle, Feet', 'Hand, Wrist', 'Chest, Finger', 'Pelvis', 'Feet', 'Hip, Knee, Thigh', 'Ankle, Knee, Lower Leg', 'Lumbar Spine', 'Cervical Spine', 'Cervical Spine, Lumbar Spine, Thoracic Spine', 'Clavicles', 'Finger', 'Lower Leg', 'Hip', 'Thigh', 'Chest, Pelvis', 'Knee', 'Shoulder', 'Chest', 'Forearm', 'Thoracic Spine', 'Hip, Thigh', 'Pelvis, Thigh', 'Ankle, Lower Leg', 'Hand', 'Chest, Feet', 'Abdomen', 'Elbow, Forearm', 'Sinus', 'Skull', 'Lumbar Spine, Thoracic Spine', 'Elbow', 'Wrist', 'Abdomen, Chest', 'Ankle', 'Finger, Hand', 'Abdomen, Pelvis', 'Forearm, Shoulder', 'Others', 'Cervical Spine, Thoracic Spine', 'Knee, Lower Leg']",174,52,29.88505747126437
/mnt/g/Logtemp/open_clip/Body_Parts_XRay/2023_08_23-07_20_30-model_coca_ViT-L-14-lr_2e-06-b_32-j_4-p_amp/checkpoints,epoch_12,"['Ankle, Feet', 'Hand, Wrist', 'Chest, Finger', 'Pelvis', 'Feet', 'Hip, Knee, Thigh', 'Ankle, Knee, Lower Leg', 'Lumbar Spine', 'Cervical Spine', 'Cervical Spine, Lumbar Spine, Thoracic Spine', 'Clavicles', 'Finger', 'Lower Leg', 'Hip', 'Thigh', 'Chest, Pelvis', 'Knee', 'Shoulder', 'Chest', 'Forearm', 'Thoracic Spine', 'Hip, Thigh', 'Pelvis, Thigh', 'Ankle, Lower Leg', 'Hand', 'Chest, Feet', 'Abdomen', 'Elbow, Forearm', 'Sinus', 'Skull', 'Lumbar Spine, Thoracic Spine', 'Elbow', 'Wrist', 'Abdomen, Chest', 'Ankle', 'Finger, Hand', 'Abdomen, Pelvis', 'Forearm, Shoulder', 'Others', 'Cervical Spine, Thoracic Spine', 'Knee, Lower Leg']",174,62,35.63218390804598
/mnt/g/Logtemp/open_clip/Body_Parts_XRay/2023_08_23-07_20_30-model_coca_ViT-L-14-lr_2e-06-b_32-j_4-p_amp/checkpoints,epoch_15,"['Ankle, Feet', 'Hand, Wrist', 'Chest, Finger', 'Pelvis', 'Feet', 'Hip, Knee, Thigh', 'Ankle, Knee, Lower Leg', 'Lumbar Spine', 'Cervical Spine', 'Cervical Spine, Lumbar Spine, Thoracic Spine', 'Clavicles', 'Finger', 'Lower Leg', 'Hip', 'Thigh', 'Chest, Pelvis', 'Knee', 'Shoulder', 'Chest', 'Forearm', 'Thoracic Spine', 'Hip, Thigh', 'Pelvis, Thigh', 'Ankle, Lower Leg', 'Hand', 'Chest, Feet', 'Abdomen', 'Elbow, Forearm', 'Sinus', 'Skull', 'Lumbar Spine, Thoracic Spine', 'Elbow', 'Wrist', 'Abdomen, Chest', 'Ankle', 'Finger, Hand', 'Abdomen, Pelvis', 'Forearm, Shoulder', 'Others', 'Cervical Spine, Thoracic Spine', 'Knee, Lower Leg']",174,73,41.95402298850575
/mnt/g/Logtemp/open_clip/Body_Parts_XRay/2023_08_23-07_20_30-model_coca_ViT-L-14-lr_2e-06-b_32-j_4-p_amp/checkpoints,epoch_18,"['Ankle, Feet', 'Hand, Wrist', 'Chest, Finger', 'Pelvis', 'Feet', 'Hip, Knee, Thigh', 'Ankle, Knee, Lower Leg', 'Lumbar Spine', 'Cervical Spine', 'Cervical Spine, Lumbar Spine, Thoracic Spine', 'Clavicles', 'Finger', 'Lower Leg', 'Hip', 'Thigh', 'Chest, Pelvis', 'Knee', 'Shoulder', 'Chest', 'Forearm', 'Thoracic Spine', 'Hip, Thigh', 'Pelvis, Thigh', 'Ankle, Lower Leg', 'Hand', 'Chest, Feet', 'Abdomen', 'Elbow, Forearm', 'Sinus', 'Skull', 'Lumbar Spine, Thoracic Spine', 'Elbow', 'Wrist', 'Abdomen, Chest', 'Ankle', 'Finger, Hand', 'Abdomen, Pelvis', 'Forearm, Shoulder', 'Others', 'Cervical Spine, Thoracic Spine', 'Knee, Lower Leg']",174,67,38.50574712643678
/mnt/g/Logtemp/open_clip/Body_Parts_XRay/2023_08_23-07_20_30-model_coca_ViT-L-14-lr_2e-06-b_32-j_4-p_amp/checkpoints,epoch_21,"['Ankle, Feet', 'Hand, Wrist', 'Chest, Finger', 'Pelvis', 'Feet', 'Hip, Knee, Thigh', 'Ankle, Knee, Lower Leg', 'Lumbar Spine', 'Cervical Spine', 'Cervical Spine, Lumbar Spine, Thoracic Spine', 'Clavicles', 'Finger', 'Lower Leg', 'Hip', 'Thigh', 'Chest, Pelvis', 'Knee', 'Shoulder', 'Chest', 'Forearm', 'Thoracic Spine', 'Hip, Thigh', 'Pelvis, Thigh', 'Ankle, Lower Leg', 'Hand', 'Chest, Feet', 'Abdomen', 'Elbow, Forearm', 'Sinus', 'Skull', 'Lumbar Spine, Thoracic Spine', 'Elbow', 'Wrist', 'Abdomen, Chest', 'Ankle', 'Finger, Hand', 'Abdomen, Pelvis', 'Forearm, Shoulder', 'Others', 'Cervical Spine, Thoracic Spine', 'Knee, Lower Leg']",174,80,45.97701149425287
/mnt/g/Logtemp/open_clip/Body_Parts_XRay/2023_08_23-07_20_30-model_coca_ViT-L-14-lr_2e-06-b_32-j_4-p_amp/checkpoints,epoch_24,"['Ankle, Feet', 'Hand, Wrist', 'Chest, Finger', 'Pelvis', 'Feet', 'Hip, Knee, Thigh', 'Ankle, Knee, Lower Leg', 'Lumbar Spine', 'Cervical Spine', 'Cervical Spine, Lumbar Spine, Thoracic Spine', 'Clavicles', 'Finger', 'Lower Leg', 'Hip', 'Thigh', 'Chest, Pelvis', 'Knee', 'Shoulder', 'Chest', 'Forearm', 'Thoracic Spine', 'Hip, Thigh', 'Pelvis, Thigh', 'Ankle, Lower Leg', 'Hand', 'Chest, Feet', 'Abdomen', 'Elbow, Forearm', 'Sinus', 'Skull', 'Lumbar Spine, Thoracic Spine', 'Elbow', 'Wrist', 'Abdomen, Chest', 'Ankle', 'Finger, Hand', 'Abdomen, Pelvis', 'Forearm, Shoulder', 'Others', 'Cervical Spine, Thoracic Spine', 'Knee, Lower Leg']",174,94,54.02298850574713
/mnt/g/Logtemp/open_clip/Body_Parts_XRay/2023_08_23-07_20_30-model_coca_ViT-L-14-lr_2e-06-b_32-j_4-p_amp/checkpoints,epoch_27,"['Ankle, Feet', 'Hand, Wrist', 'Chest, Finger', 'Pelvis', 'Feet', 'Hip, Knee, Thigh', 'Ankle, Knee, Lower Leg', 'Lumbar Spine', 'Cervical Spine', 'Cervical Spine, Lumbar Spine, Thoracic Spine', 'Clavicles', 'Finger', 'Lower Leg', 'Hip', 'Thigh', 'Chest, Pelvis', 'Knee', 'Shoulder', 'Chest', 'Forearm', 'Thoracic Spine', 'Hip, Thigh', 'Pelvis, Thigh', 'Ankle, Lower Leg', 'Hand', 'Chest, Feet', 'Abdomen', 'Elbow, Forearm', 'Sinus', 'Skull', 'Lumbar Spine, Thoracic Spine', 'Elbow', 'Wrist', 'Abdomen, Chest', 'Ankle', 'Finger, Hand', 'Abdomen, Pelvis', 'Forearm, Shoulder', 'Others', 'Cervical Spine, Thoracic Spine', 'Knee, Lower Leg']",174,116,66.66666666666666
/mnt/g/Logtemp/open_clip/Body_Parts_XRay/2023_08_23-07_20_30-model_coca_ViT-L-14-lr_2e-06-b_32-j_4-p_amp/checkpoints,epoch_30,"['Ankle, Feet', 'Hand, Wrist', 'Chest, Finger', 'Pelvis', 'Feet', 'Hip, Knee, Thigh', 'Ankle, Knee, Lower Leg', 'Lumbar Spine', 'Cervical Spine', 'Cervical Spine, Lumbar Spine, Thoracic Spine', 'Clavicles', 'Finger', 'Lower Leg', 'Hip', 'Thigh', 'Chest, Pelvis', 'Knee', 'Shoulder', 'Chest', 'Forearm', 'Thoracic Spine', 'Hip, Thigh', 'Pelvis, Thigh', 'Ankle, Lower Leg', 'Hand', 'Chest, Feet', 'Abdomen', 'Elbow, Forearm', 'Sinus', 'Skull', 'Lumbar Spine, Thoracic Spine', 'Elbow', 'Wrist', 'Abdomen, Chest', 'Ankle', 'Finger, Hand', 'Abdomen, Pelvis', 'Forearm, Shoulder', 'Others', 'Cervical Spine, Thoracic Spine', 'Knee, Lower Leg']",174,127,72.98850574712644
/mnt/g/Logtemp/open_clip/Body_Parts_XRay/2023_08_23-07_20_30-model_coca_ViT-L-14-lr_2e-06-b_32-j_4-p_amp/checkpoints,epoch_33,"['Ankle, Feet', 'Hand, Wrist', 'Chest, Finger', 'Pelvis', 'Feet', 'Hip, Knee, Thigh', 'Ankle, Knee, Lower Leg', 'Lumbar Spine', 'Cervical Spine', 'Cervical Spine, Lumbar Spine, Thoracic Spine', 'Clavicles', 'Finger', 'Lower Leg', 'Hip', 'Thigh', 'Chest, Pelvis', 'Knee', 'Shoulder', 'Chest', 'Forearm', 'Thoracic Spine', 'Hip, Thigh', 'Pelvis, Thigh', 'Ankle, Lower Leg', 'Hand', 'Chest, Feet', 'Abdomen', 'Elbow, Forearm', 'Sinus', 'Skull', 'Lumbar Spine, Thoracic Spine', 'Elbow', 'Wrist', 'Abdomen, Chest', 'Ankle', 'Finger, Hand', 'Abdomen, Pelvis', 'Forearm, Shoulder', 'Others', 'Cervical Spine, Thoracic Spine', 'Knee, Lower Leg']",174,119,68.39080459770115
/mnt/g/Logtemp/open_clip/Body_Parts_XRay/2023_08_23-07_20_30-model_coca_ViT-L-14-lr_2e-06-b_32-j_4-p_amp/checkpoints,epoch_36,"['Ankle, Feet', 'Hand, Wrist', 'Chest, Finger', 'Pelvis', 'Feet', 'Hip, Knee, Thigh', 'Ankle, Knee, Lower Leg', 'Lumbar Spine', 'Cervical Spine', 'Cervical Spine, Lumbar Spine, Thoracic Spine', 'Clavicles', 'Finger', 'Lower Leg', 'Hip', 'Thigh', 'Chest, Pelvis', 'Knee', 'Shoulder', 'Chest', 'Forearm', 'Thoracic Spine', 'Hip, Thigh', 'Pelvis, Thigh', 'Ankle, Lower Leg', 'Hand', 'Chest, Feet', 'Abdomen', 'Elbow, Forearm', 'Sinus', 'Skull', 'Lumbar Spine, Thoracic Spine', 'Elbow', 'Wrist', 'Abdomen, Chest', 'Ankle', 'Finger, Hand', 'Abdomen, Pelvis', 'Forearm, Shoulder', 'Others', 'Cervical Spine, Thoracic Spine', 'Knee, Lower Leg']",174,145,83.33333333333334
/mnt/g/Logtemp/open_clip/Body_Parts_XRay/2023_08_23-07_20_30-model_coca_ViT-L-14-lr_2e-06-b_32-j_4-p_amp/checkpoints,epoch_39,"['Ankle, Feet', 'Hand, Wrist', 'Chest, Finger', 'Pelvis', 'Feet', 'Hip, Knee, Thigh', 'Ankle, Knee, Lower Leg', 'Lumbar Spine', 'Cervical Spine', 'Cervical Spine, Lumbar Spine, Thoracic Spine', 'Clavicles', 'Finger', 'Lower Leg', 'Hip', 'Thigh', 'Chest, Pelvis', 'Knee', 'Shoulder', 'Chest', 'Forearm', 'Thoracic Spine', 'Hip, Thigh', 'Pelvis, Thigh', 'Ankle, Lower Leg', 'Hand', 'Chest, Feet', 'Abdomen', 'Elbow, Forearm', 'Sinus', 'Skull', 'Lumbar Spine, Thoracic Spine', 'Elbow', 'Wrist', 'Abdomen, Chest', 'Ankle', 'Finger, Hand', 'Abdomen, Pelvis', 'Forearm, Shoulder', 'Others', 'Cervical Spine, Thoracic Spine', 'Knee, Lower Leg']",174,141,81.03448275862068
/mnt/g/Logtemp/open_clip/Body_Parts_XRay/2023_08_23-07_20_30-model_coca_ViT-L-14-lr_2e-06-b_32-j_4-p_amp/checkpoints,epoch_42,"['Ankle, Feet', 'Hand, Wrist', 'Chest, Finger', 'Pelvis', 'Feet', 'Hip, Knee, Thigh', 'Ankle, Knee, Lower Leg', 'Lumbar Spine', 'Cervical Spine', 'Cervical Spine, Lumbar Spine, Thoracic Spine', 'Clavicles', 'Finger', 'Lower Leg', 'Hip', 'Thigh', 'Chest, Pelvis', 'Knee', 'Shoulder', 'Chest', 'Forearm', 'Thoracic Spine', 'Hip, Thigh', 'Pelvis, Thigh', 'Ankle, Lower Leg', 'Hand', 'Chest, Feet', 'Abdomen', 'Elbow, Forearm', 'Sinus', 'Skull', 'Lumbar Spine, Thoracic Spine', 'Elbow', 'Wrist', 'Abdomen, Chest', 'Ankle', 'Finger, Hand', 'Abdomen, Pelvis', 'Forearm, Shoulder', 'Others', 'Cervical Spine, Thoracic Spine', 'Knee, Lower Leg']",174,143,82.18390804597702
/mnt/g/Logtemp/open_clip/Body_Parts_XRay/2023_08_23-07_20_30-model_coca_ViT-L-14-lr_2e-06-b_32-j_4-p_amp/checkpoints,epoch_45,"['Ankle, Feet', 'Hand, Wrist', 'Chest, Finger', 'Pelvis', 'Feet', 'Hip, Knee, Thigh', 'Ankle, Knee, Lower Leg', 'Lumbar Spine', 'Cervical Spine', 'Cervical Spine, Lumbar Spine, Thoracic Spine', 'Clavicles', 'Finger', 'Lower Leg', 'Hip', 'Thigh', 'Chest, Pelvis', 'Knee', 'Shoulder', 'Chest', 'Forearm', 'Thoracic Spine', 'Hip, Thigh', 'Pelvis, Thigh', 'Ankle, Lower Leg', 'Hand', 'Chest, Feet', 'Abdomen', 'Elbow, Forearm', 'Sinus', 'Skull', 'Lumbar Spine, Thoracic Spine', 'Elbow', 'Wrist', 'Abdomen, Chest', 'Ankle', 'Finger, Hand', 'Abdomen, Pelvis', 'Forearm, Shoulder', 'Others', 'Cervical Spine, Thoracic Spine', 'Knee, Lower Leg']",174,116,66.66666666666666
/mnt/g/Logtemp/open_clip/Body_Parts_XRay/2023_08_23-07_20_30-model_coca_ViT-L-14-lr_2e-06-b_32-j_4-p_amp/checkpoints,epoch_48,"['Ankle, Feet', 'Hand, Wrist', 'Chest, Finger', 'Pelvis', 'Feet', 'Hip, Knee, Thigh', 'Ankle, Knee, Lower Leg', 'Lumbar Spine', 'Cervical Spine', 'Cervical Spine, Lumbar Spine, Thoracic Spine', 'Clavicles', 'Finger', 'Lower Leg', 'Hip', 'Thigh', 'Chest, Pelvis', 'Knee', 'Shoulder', 'Chest', 'Forearm', 'Thoracic Spine', 'Hip, Thigh', 'Pelvis, Thigh', 'Ankle, Lower Leg', 'Hand', 'Chest, Feet', 'Abdomen', 'Elbow, Forearm', 'Sinus', 'Skull', 'Lumbar Spine, Thoracic Spine', 'Elbow', 'Wrist', 'Abdomen, Chest', 'Ankle', 'Finger, Hand', 'Abdomen, Pelvis', 'Forearm, Shoulder', 'Others', 'Cervical Spine, Thoracic Spine', 'Knee, Lower Leg']",174,102,58.620689655172406
/mnt/g/Logtemp/open_clip/Body_Parts_XRay/2023_08_23-07_20_30-model_coca_ViT-L-14-lr_2e-06-b_32-j_4-p_amp/checkpoints,epoch_51,"['Ankle, Feet', 'Hand, Wrist', 'Chest, Finger', 'Pelvis', 'Feet', 'Hip, Knee, Thigh', 'Ankle, Knee, Lower Leg', 'Lumbar Spine', 'Cervical Spine', 'Cervical Spine, Lumbar Spine, Thoracic Spine', 'Clavicles', 'Finger', 'Lower Leg', 'Hip', 'Thigh', 'Chest, Pelvis', 'Knee', 'Shoulder', 'Chest', 'Forearm', 'Thoracic Spine', 'Hip, Thigh', 'Pelvis, Thigh', 'Ankle, Lower Leg', 'Hand', 'Chest, Feet', 'Abdomen', 'Elbow, Forearm', 'Sinus', 'Skull', 'Lumbar Spine, Thoracic Spine', 'Elbow', 'Wrist', 'Abdomen, Chest', 'Ankle', 'Finger, Hand', 'Abdomen, Pelvis', 'Forearm, Shoulder', 'Others', 'Cervical Spine, Thoracic Spine', 'Knee, Lower Leg']",174,125,71.83908045977012
/mnt/g/Logtemp/open_clip/Body_Parts_XRay/2023_08_23-07_20_30-model_coca_ViT-L-14-lr_2e-06-b_32-j_4-p_amp/checkpoints,epoch_54,"['Ankle, Feet', 'Hand, Wrist', 'Chest, Finger', 'Pelvis', 'Feet', 'Hip, Knee, Thigh', 'Ankle, Knee, Lower Leg', 'Lumbar Spine', 'Cervical Spine', 'Cervical Spine, Lumbar Spine, Thoracic Spine', 'Clavicles', 'Finger', 'Lower Leg', 'Hip', 'Thigh', 'Chest, Pelvis', 'Knee', 'Shoulder', 'Chest', 'Forearm', 'Thoracic Spine', 'Hip, Thigh', 'Pelvis, Thigh', 'Ankle, Lower Leg', 'Hand', 'Chest, Feet', 'Abdomen', 'Elbow, Forearm', 'Sinus', 'Skull', 'Lumbar Spine, Thoracic Spine', 'Elbow', 'Wrist', 'Abdomen, Chest', 'Ankle', 'Finger, Hand', 'Abdomen, Pelvis', 'Forearm, Shoulder', 'Others', 'Cervical Spine, Thoracic Spine', 'Knee, Lower Leg']",174,131,75.28735632183908
/mnt/g/Logtemp/open_clip/Body_Parts_XRay/2023_08_23-07_20_30-model_coca_ViT-L-14-lr_2e-06-b_32-j_4-p_amp/checkpoints,epoch_57,"['Ankle, Feet', 'Hand, Wrist', 'Chest, Finger', 'Pelvis', 'Feet', 'Hip, Knee, Thigh', 'Ankle, Knee, Lower Leg', 'Lumbar Spine', 'Cervical Spine', 'Cervical Spine, Lumbar Spine, Thoracic Spine', 'Clavicles', 'Finger', 'Lower Leg', 'Hip', 'Thigh', 'Chest, Pelvis', 'Knee', 'Shoulder', 'Chest', 'Forearm', 'Thoracic Spine', 'Hip, Thigh', 'Pelvis, Thigh', 'Ankle, Lower Leg', 'Hand', 'Chest, Feet', 'Abdomen', 'Elbow, Forearm', 'Sinus', 'Skull', 'Lumbar Spine, Thoracic Spine', 'Elbow', 'Wrist', 'Abdomen, Chest', 'Ankle', 'Finger, Hand', 'Abdomen, Pelvis', 'Forearm, Shoulder', 'Others', 'Cervical Spine, Thoracic Spine', 'Knee, Lower Leg']",174,142,81.60919540229885
/mnt/g/Logtemp/open_clip/Body_Parts_XRay/2023_08_23-07_20_30-model_coca_ViT-L-14-lr_2e-06-b_32-j_4-p_amp/checkpoints,epoch_60,"['Ankle, Feet', 'Hand, Wrist', 'Chest, Finger', 'Pelvis', 'Feet', 'Hip, Knee, Thigh', 'Ankle, Knee, Lower Leg', 'Lumbar Spine', 'Cervical Spine', 'Cervical Spine, Lumbar Spine, Thoracic Spine', 'Clavicles', 'Finger', 'Lower Leg', 'Hip', 'Thigh', 'Chest, Pelvis', 'Knee', 'Shoulder', 'Chest', 'Forearm', 'Thoracic Spine', 'Hip, Thigh', 'Pelvis, Thigh', 'Ankle, Lower Leg', 'Hand', 'Chest, Feet', 'Abdomen', 'Elbow, Forearm', 'Sinus', 'Skull', 'Lumbar Spine, Thoracic Spine', 'Elbow', 'Wrist', 'Abdomen, Chest', 'Ankle', 'Finger, Hand', 'Abdomen, Pelvis', 'Forearm, Shoulder', 'Others', 'Cervical Spine, Thoracic Spine', 'Knee, Lower Leg']",174,144,82.75862068965517
/mnt/g/Logtemp/open_clip/Body_Parts_XRay/2023_08_23-07_20_30-model_coca_ViT-L-14-lr_2e-06-b_32-j_4-p_amp/checkpoints,epoch_63,"['Ankle, Feet', 'Hand, Wrist', 'Chest, Finger', 'Pelvis', 'Feet', 'Hip, Knee, Thigh', 'Ankle, Knee, Lower Leg', 'Lumbar Spine', 'Cervical Spine', 'Cervical Spine, Lumbar Spine, Thoracic Spine', 'Clavicles', 'Finger', 'Lower Leg', 'Hip', 'Thigh', 'Chest, Pelvis', 'Knee', 'Shoulder', 'Chest', 'Forearm', 'Thoracic Spine', 'Hip, Thigh', 'Pelvis, Thigh', 'Ankle, Lower Leg', 'Hand', 'Chest, Feet', 'Abdomen', 'Elbow, Forearm', 'Sinus', 'Skull', 'Lumbar Spine, Thoracic Spine', 'Elbow', 'Wrist', 'Abdomen, Chest', 'Ankle', 'Finger, Hand', 'Abdomen, Pelvis', 'Forearm, Shoulder', 'Others', 'Cervical Spine, Thoracic Spine', 'Knee, Lower Leg']",174,155,89.08045977011494
/mnt/g/Logtemp/open_clip/Body_Parts_XRay/2023_08_23-07_20_30-model_coca_ViT-L-14-lr_2e-06-b_32-j_4-p_amp/checkpoints,epoch_66,"['Ankle, Feet', 'Hand, Wrist', 'Chest, Finger', 'Pelvis', 'Feet', 'Hip, Knee, Thigh', 'Ankle, Knee, Lower Leg', 'Lumbar Spine', 'Cervical Spine', 'Cervical Spine, Lumbar Spine, Thoracic Spine', 'Clavicles', 'Finger', 'Lower Leg', 'Hip', 'Thigh', 'Chest, Pelvis', 'Knee', 'Shoulder', 'Chest', 'Forearm', 'Thoracic Spine', 'Hip, Thigh', 'Pelvis, Thigh', 'Ankle, Lower Leg', 'Hand', 'Chest, Feet', 'Abdomen', 'Elbow, Forearm', 'Sinus', 'Skull', 'Lumbar Spine, Thoracic Spine', 'Elbow', 'Wrist', 'Abdomen, Chest', 'Ankle', 'Finger, Hand', 'Abdomen, Pelvis', 'Forearm, Shoulder', 'Others', 'Cervical Spine, Thoracic Spine', 'Knee, Lower Leg']",174,148,85.0574712643678
/mnt/g/Logtemp/open_clip/Body_Parts_XRay/2023_08_23-07_20_30-model_coca_ViT-L-14-lr_2e-06-b_32-j_4-p_amp/checkpoints,epoch_69,"['Ankle, Feet', 'Hand, Wrist', 'Chest, Finger', 'Pelvis', 'Feet', 'Hip, Knee, Thigh', 'Ankle, Knee, Lower Leg', 'Lumbar Spine', 'Cervical Spine', 'Cervical Spine, Lumbar Spine, Thoracic Spine', 'Clavicles', 'Finger', 'Lower Leg', 'Hip', 'Thigh', 'Chest, Pelvis', 'Knee', 'Shoulder', 'Chest', 'Forearm', 'Thoracic Spine', 'Hip, Thigh', 'Pelvis, Thigh', 'Ankle, Lower Leg', 'Hand', 'Chest, Feet', 'Abdomen', 'Elbow, Forearm', 'Sinus', 'Skull', 'Lumbar Spine, Thoracic Spine', 'Elbow', 'Wrist', 'Abdomen, Chest', 'Ankle', 'Finger, Hand', 'Abdomen, Pelvis', 'Forearm, Shoulder', 'Others', 'Cervical Spine, Thoracic Spine', 'Knee, Lower Leg']",174,130,74.71264367816092
/mnt/g/Logtemp/open_clip/Body_Parts_XRay/2023_08_23-07_20_30-model_coca_ViT-L-14-lr_2e-06-b_32-j_4-p_amp/checkpoints,epoch_72,"['Ankle, Feet', 'Hand, Wrist', 'Chest, Finger', 'Pelvis', 'Feet', 'Hip, Knee, Thigh', 'Ankle, Knee, Lower Leg', 'Lumbar Spine', 'Cervical Spine', 'Cervical Spine, Lumbar Spine, Thoracic Spine', 'Clavicles', 'Finger', 'Lower Leg', 'Hip', 'Thigh', 'Chest, Pelvis', 'Knee', 'Shoulder', 'Chest', 'Forearm', 'Thoracic Spine', 'Hip, Thigh', 'Pelvis, Thigh', 'Ankle, Lower Leg', 'Hand', 'Chest, Feet', 'Abdomen', 'Elbow, Forearm', 'Sinus', 'Skull', 'Lumbar Spine, Thoracic Spine', 'Elbow', 'Wrist', 'Abdomen, Chest', 'Ankle', 'Finger, Hand', 'Abdomen, Pelvis', 'Forearm, Shoulder', 'Others', 'Cervical Spine, Thoracic Spine', 'Knee, Lower Leg']",174,146,83.9080459770115
/mnt/g/Logtemp/open_clip/Body_Parts_XRay/2023_08_23-07_20_30-model_coca_ViT-L-14-lr_2e-06-b_32-j_4-p_amp/checkpoints,epoch_75,"['Ankle, Feet', 'Hand, Wrist', 'Chest, Finger', 'Pelvis', 'Feet', 'Hip, Knee, Thigh', 'Ankle, Knee, Lower Leg', 'Lumbar Spine', 'Cervical Spine', 'Cervical Spine, Lumbar Spine, Thoracic Spine', 'Clavicles', 'Finger', 'Lower Leg', 'Hip', 'Thigh', 'Chest, Pelvis', 'Knee', 'Shoulder', 'Chest', 'Forearm', 'Thoracic Spine', 'Hip, Thigh', 'Pelvis, Thigh', 'Ankle, Lower Leg', 'Hand', 'Chest, Feet', 'Abdomen', 'Elbow, Forearm', 'Sinus', 'Skull', 'Lumbar Spine, Thoracic Spine', 'Elbow', 'Wrist', 'Abdomen, Chest', 'Ankle', 'Finger, Hand', 'Abdomen, Pelvis', 'Forearm, Shoulder', 'Others', 'Cervical Spine, Thoracic Spine', 'Knee, Lower Leg']",174,146,83.9080459770115
/mnt/g/Logtemp/open_clip/Body_Parts_XRay/2023_08_23-07_20_30-model_coca_ViT-L-14-lr_2e-06-b_32-j_4-p_amp/checkpoints,epoch_78,"['Ankle, Feet', 'Hand, Wrist', 'Chest, Finger', 'Pelvis', 'Feet', 'Hip, Knee, Thigh', 'Ankle, Knee, Lower Leg', 'Lumbar Spine', 'Cervical Spine', 'Cervical Spine, Lumbar Spine, Thoracic Spine', 'Clavicles', 'Finger', 'Lower Leg', 'Hip', 'Thigh', 'Chest, Pelvis', 'Knee', 'Shoulder', 'Chest', 'Forearm', 'Thoracic Spine', 'Hip, Thigh', 'Pelvis, Thigh', 'Ankle, Lower Leg', 'Hand', 'Chest, Feet', 'Abdomen', 'Elbow, Forearm', 'Sinus', 'Skull', 'Lumbar Spine, Thoracic Spine', 'Elbow', 'Wrist', 'Abdomen, Chest', 'Ankle', 'Finger, Hand', 'Abdomen, Pelvis', 'Forearm, Shoulder', 'Others', 'Cervical Spine, Thoracic Spine', 'Knee, Lower Leg']",174,114,65.51724137931035
/mnt/g/Logtemp/open_clip/Body_Parts_XRay/2023_08_23-07_20_30-model_coca_ViT-L-14-lr_2e-06-b_32-j_4-p_amp/checkpoints,epoch_81,"['Ankle, Feet', 'Hand, Wrist', 'Chest, Finger', 'Pelvis', 'Feet', 'Hip, Knee, Thigh', 'Ankle, Knee, Lower Leg', 'Lumbar Spine', 'Cervical Spine', 'Cervical Spine, Lumbar Spine, Thoracic Spine', 'Clavicles', 'Finger', 'Lower Leg', 'Hip', 'Thigh', 'Chest, Pelvis', 'Knee', 'Shoulder', 'Chest', 'Forearm', 'Thoracic Spine', 'Hip, Thigh', 'Pelvis, Thigh', 'Ankle, Lower Leg', 'Hand', 'Chest, Feet', 'Abdomen', 'Elbow, Forearm', 'Sinus', 'Skull', 'Lumbar Spine, Thoracic Spine', 'Elbow', 'Wrist', 'Abdomen, Chest', 'Ankle', 'Finger, Hand', 'Abdomen, Pelvis', 'Forearm, Shoulder', 'Others', 'Cervical Spine, Thoracic Spine', 'Knee, Lower Leg']",174,143,82.18390804597702
/mnt/g/Logtemp/open_clip/Body_Parts_XRay/2023_08_23-07_20_30-model_coca_ViT-L-14-lr_2e-06-b_32-j_4-p_amp/checkpoints,epoch_84,"['Ankle, Feet', 'Hand, Wrist', 'Chest, Finger', 'Pelvis', 'Feet', 'Hip, Knee, Thigh', 'Ankle, Knee, Lower Leg', 'Lumbar Spine', 'Cervical Spine', 'Cervical Spine, Lumbar Spine, Thoracic Spine', 'Clavicles', 'Finger', 'Lower Leg', 'Hip', 'Thigh', 'Chest, Pelvis', 'Knee', 'Shoulder', 'Chest', 'Forearm', 'Thoracic Spine', 'Hip, Thigh', 'Pelvis, Thigh', 'Ankle, Lower Leg', 'Hand', 'Chest, Feet', 'Abdomen', 'Elbow, Forearm', 'Sinus', 'Skull', 'Lumbar Spine, Thoracic Spine', 'Elbow', 'Wrist', 'Abdomen, Chest', 'Ankle', 'Finger, Hand', 'Abdomen, Pelvis', 'Forearm, Shoulder', 'Others', 'Cervical Spine, Thoracic Spine', 'Knee, Lower Leg']",174,112,64.36781609195403
/mnt/g/Logtemp/open_clip/Body_Parts_XRay/2023_08_23-07_20_30-model_coca_ViT-L-14-lr_2e-06-b_32-j_4-p_amp/checkpoints,epoch_87,"['Ankle, Feet', 'Hand, Wrist', 'Chest, Finger', 'Pelvis', 'Feet', 'Hip, Knee, Thigh', 'Ankle, Knee, Lower Leg', 'Lumbar Spine', 'Cervical Spine', 'Cervical Spine, Lumbar Spine, Thoracic Spine', 'Clavicles', 'Finger', 'Lower Leg', 'Hip', 'Thigh', 'Chest, Pelvis', 'Knee', 'Shoulder', 'Chest', 'Forearm', 'Thoracic Spine', 'Hip, Thigh', 'Pelvis, Thigh', 'Ankle, Lower Leg', 'Hand', 'Chest, Feet', 'Abdomen', 'Elbow, Forearm', 'Sinus', 'Skull', 'Lumbar Spine, Thoracic Spine', 'Elbow', 'Wrist', 'Abdomen, Chest', 'Ankle', 'Finger, Hand', 'Abdomen, Pelvis', 'Forearm, Shoulder', 'Others', 'Cervical Spine, Thoracic Spine', 'Knee, Lower Leg']",174,117,67.24137931034483
/mnt/g/Logtemp/open_clip/Body_Parts_XRay/2023_08_23-07_20_30-model_coca_ViT-L-14-lr_2e-06-b_32-j_4-p_amp/checkpoints,epoch_90,"['Ankle, Feet', 'Hand, Wrist', 'Chest, Finger', 'Pelvis', 'Feet', 'Hip, Knee, Thigh', 'Ankle, Knee, Lower Leg', 'Lumbar Spine', 'Cervical Spine', 'Cervical Spine, Lumbar Spine, Thoracic Spine', 'Clavicles', 'Finger', 'Lower Leg', 'Hip', 'Thigh', 'Chest, Pelvis', 'Knee', 'Shoulder', 'Chest', 'Forearm', 'Thoracic Spine', 'Hip, Thigh', 'Pelvis, Thigh', 'Ankle, Lower Leg', 'Hand', 'Chest, Feet', 'Abdomen', 'Elbow, Forearm', 'Sinus', 'Skull', 'Lumbar Spine, Thoracic Spine', 'Elbow', 'Wrist', 'Abdomen, Chest', 'Ankle', 'Finger, Hand', 'Abdomen, Pelvis', 'Forearm, Shoulder', 'Others', 'Cervical Spine, Thoracic Spine', 'Knee, Lower Leg']",174,144,82.75862068965517
/mnt/g/Logtemp/open_clip/Body_Parts_XRay/2023_08_23-07_20_30-model_coca_ViT-L-14-lr_2e-06-b_32-j_4-p_amp/checkpoints,epoch_93,"['Ankle, Feet', 'Hand, Wrist', 'Chest, Finger', 'Pelvis', 'Feet', 'Hip, Knee, Thigh', 'Ankle, Knee, Lower Leg', 'Lumbar Spine', 'Cervical Spine', 'Cervical Spine, Lumbar Spine, Thoracic Spine', 'Clavicles', 'Finger', 'Lower Leg', 'Hip', 'Thigh', 'Chest, Pelvis', 'Knee', 'Shoulder', 'Chest', 'Forearm', 'Thoracic Spine', 'Hip, Thigh', 'Pelvis, Thigh', 'Ankle, Lower Leg', 'Hand', 'Chest, Feet', 'Abdomen', 'Elbow, Forearm', 'Sinus', 'Skull', 'Lumbar Spine, Thoracic Spine', 'Elbow', 'Wrist', 'Abdomen, Chest', 'Ankle', 'Finger, Hand', 'Abdomen, Pelvis', 'Forearm, Shoulder', 'Others', 'Cervical Spine, Thoracic Spine', 'Knee, Lower Leg']",174,147,84.48275862068965
/mnt/g/Logtemp/open_clip/Body_Parts_XRay/2023_08_23-07_20_30-model_coca_ViT-L-14-lr_2e-06-b_32-j_4-p_amp/checkpoints,epoch_96,"['Ankle, Feet', 'Hand, Wrist', 'Chest, Finger', 'Pelvis', 'Feet', 'Hip, Knee, Thigh', 'Ankle, Knee, Lower Leg', 'Lumbar Spine', 'Cervical Spine', 'Cervical Spine, Lumbar Spine, Thoracic Spine', 'Clavicles', 'Finger', 'Lower Leg', 'Hip', 'Thigh', 'Chest, Pelvis', 'Knee', 'Shoulder', 'Chest', 'Forearm', 'Thoracic Spine', 'Hip, Thigh', 'Pelvis, Thigh', 'Ankle, Lower Leg', 'Hand', 'Chest, Feet', 'Abdomen', 'Elbow, Forearm', 'Sinus', 'Skull', 'Lumbar Spine, Thoracic Spine', 'Elbow', 'Wrist', 'Abdomen, Chest', 'Ankle', 'Finger, Hand', 'Abdomen, Pelvis', 'Forearm, Shoulder', 'Others', 'Cervical Spine, Thoracic Spine', 'Knee, Lower Leg']",174,152,87.35632183908046
/mnt/g/Logtemp/open_clip/Body_Parts_XRay/2023_08_23-07_20_30-model_coca_ViT-L-14-lr_2e-06-b_32-j_4-p_amp/checkpoints,epoch_99,"['Ankle, Feet', 'Hand, Wrist', 'Chest, Finger', 'Pelvis', 'Feet', 'Hip, Knee, Thigh', 'Ankle, Knee, Lower Leg', 'Lumbar Spine', 'Cervical Spine', 'Cervical Spine, Lumbar Spine, Thoracic Spine', 'Clavicles', 'Finger', 'Lower Leg', 'Hip', 'Thigh', 'Chest, Pelvis', 'Knee', 'Shoulder', 'Chest', 'Forearm', 'Thoracic Spine', 'Hip, Thigh', 'Pelvis, Thigh', 'Ankle, Lower Leg', 'Hand', 'Chest, Feet', 'Abdomen', 'Elbow, Forearm', 'Sinus', 'Skull', 'Lumbar Spine, Thoracic Spine', 'Elbow', 'Wrist', 'Abdomen, Chest', 'Ankle', 'Finger, Hand', 'Abdomen, Pelvis', 'Forearm, Shoulder', 'Others', 'Cervical Spine, Thoracic Spine', 'Knee, Lower Leg']",174,162,93.10344827586206
/mnt/g/Logtemp/open_clip/Body_Parts_XRay/2023_08_23-07_20_30-model_coca_ViT-L-14-lr_2e-06-b_32-j_4-p_amp/checkpoints,epoch_102,"['Ankle, Feet', 'Hand, Wrist', 'Chest, Finger', 'Pelvis', 'Feet', 'Hip, Knee, Thigh', 'Ankle, Knee, Lower Leg', 'Lumbar Spine', 'Cervical Spine', 'Cervical Spine, Lumbar Spine, Thoracic Spine', 'Clavicles', 'Finger', 'Lower Leg', 'Hip', 'Thigh', 'Chest, Pelvis', 'Knee', 'Shoulder', 'Chest', 'Forearm', 'Thoracic Spine', 'Hip, Thigh', 'Pelvis, Thigh', 'Ankle, Lower Leg', 'Hand', 'Chest, Feet', 'Abdomen', 'Elbow, Forearm', 'Sinus', 'Skull', 'Lumbar Spine, Thoracic Spine', 'Elbow', 'Wrist', 'Abdomen, Chest', 'Ankle', 'Finger, Hand', 'Abdomen, Pelvis', 'Forearm, Shoulder', 'Others', 'Cervical Spine, Thoracic Spine', 'Knee, Lower Leg']",174,149,85.63218390804597
/mnt/g/Logtemp/open_clip/Body_Parts_XRay/2023_08_23-07_20_30-model_coca_ViT-L-14-lr_2e-06-b_32-j_4-p_amp/checkpoints,epoch_105,"['Ankle, Feet', 'Hand, Wrist', 'Chest, Finger', 'Pelvis', 'Feet', 'Hip, Knee, Thigh', 'Ankle, Knee, Lower Leg', 'Lumbar Spine', 'Cervical Spine', 'Cervical Spine, Lumbar Spine, Thoracic Spine', 'Clavicles', 'Finger', 'Lower Leg', 'Hip', 'Thigh', 'Chest, Pelvis', 'Knee', 'Shoulder', 'Chest', 'Forearm', 'Thoracic Spine', 'Hip, Thigh', 'Pelvis, Thigh', 'Ankle, Lower Leg', 'Hand', 'Chest, Feet', 'Abdomen', 'Elbow, Forearm', 'Sinus', 'Skull', 'Lumbar Spine, Thoracic Spine', 'Elbow', 'Wrist', 'Abdomen, Chest', 'Ankle', 'Finger, Hand', 'Abdomen, Pelvis', 'Forearm, Shoulder', 'Others', 'Cervical Spine, Thoracic Spine', 'Knee, Lower Leg']",174,154,88.50574712643679
/mnt/g/Logtemp/open_clip/Body_Parts_XRay/2023_08_23-07_20_30-model_coca_ViT-L-14-lr_2e-06-b_32-j_4-p_amp/checkpoints,epoch_108,"['Ankle, Feet', 'Hand, Wrist', 'Chest, Finger', 'Pelvis', 'Feet', 'Hip, Knee, Thigh', 'Ankle, Knee, Lower Leg', 'Lumbar Spine', 'Cervical Spine', 'Cervical Spine, Lumbar Spine, Thoracic Spine', 'Clavicles', 'Finger', 'Lower Leg', 'Hip', 'Thigh', 'Chest, Pelvis', 'Knee', 'Shoulder', 'Chest', 'Forearm', 'Thoracic Spine', 'Hip, Thigh', 'Pelvis, Thigh', 'Ankle, Lower Leg', 'Hand', 'Chest, Feet', 'Abdomen', 'Elbow, Forearm', 'Sinus', 'Skull', 'Lumbar Spine, Thoracic Spine', 'Elbow', 'Wrist', 'Abdomen, Chest', 'Ankle', 'Finger, Hand', 'Abdomen, Pelvis', 'Forearm, Shoulder', 'Others', 'Cervical Spine, Thoracic Spine', 'Knee, Lower Leg']",174,149,85.63218390804597
/mnt/g/Logtemp/open_clip/Body_Parts_XRay/2023_08_23-07_20_30-model_coca_ViT-L-14-lr_2e-06-b_32-j_4-p_amp/checkpoints,epoch_111,"['Ankle, Feet', 'Hand, Wrist', 'Chest, Finger', 'Pelvis', 'Feet', 'Hip, Knee, Thigh', 'Ankle, Knee, Lower Leg', 'Lumbar Spine', 'Cervical Spine', 'Cervical Spine, Lumbar Spine, Thoracic Spine', 'Clavicles', 'Finger', 'Lower Leg', 'Hip', 'Thigh', 'Chest, Pelvis', 'Knee', 'Shoulder', 'Chest', 'Forearm', 'Thoracic Spine', 'Hip, Thigh', 'Pelvis, Thigh', 'Ankle, Lower Leg', 'Hand', 'Chest, Feet', 'Abdomen', 'Elbow, Forearm', 'Sinus', 'Skull', 'Lumbar Spine, Thoracic Spine', 'Elbow', 'Wrist', 'Abdomen, Chest', 'Ankle', 'Finger, Hand', 'Abdomen, Pelvis', 'Forearm, Shoulder', 'Others', 'Cervical Spine, Thoracic Spine', 'Knee, Lower Leg']",174,153,87.93103448275862
/mnt/g/Logtemp/open_clip/Body_Parts_XRay/2023_08_23-07_20_30-model_coca_ViT-L-14-lr_2e-06-b_32-j_4-p_amp/checkpoints,epoch_114,"['Ankle, Feet', 'Hand, Wrist', 'Chest, Finger', 'Pelvis', 'Feet', 'Hip, Knee, Thigh', 'Ankle, Knee, Lower Leg', 'Lumbar Spine', 'Cervical Spine', 'Cervical Spine, Lumbar Spine, Thoracic Spine', 'Clavicles', 'Finger', 'Lower Leg', 'Hip', 'Thigh', 'Chest, Pelvis', 'Knee', 'Shoulder', 'Chest', 'Forearm', 'Thoracic Spine', 'Hip, Thigh', 'Pelvis, Thigh', 'Ankle, Lower Leg', 'Hand', 'Chest, Feet', 'Abdomen', 'Elbow, Forearm', 'Sinus', 'Skull', 'Lumbar Spine, Thoracic Spine', 'Elbow', 'Wrist', 'Abdomen, Chest', 'Ankle', 'Finger, Hand', 'Abdomen, Pelvis', 'Forearm, Shoulder', 'Others', 'Cervical Spine, Thoracic Spine', 'Knee, Lower Leg']",174,148,85.0574712643678
/mnt/g/Logtemp/open_clip/Body_Parts_XRay/2023_08_23-07_20_30-model_coca_ViT-L-14-lr_2e-06-b_32-j_4-p_amp/checkpoints,epoch_117,"['Ankle, Feet', 'Hand, Wrist', 'Chest, Finger', 'Pelvis', 'Feet', 'Hip, Knee, Thigh', 'Ankle, Knee, Lower Leg', 'Lumbar Spine', 'Cervical Spine', 'Cervical Spine, Lumbar Spine, Thoracic Spine', 'Clavicles', 'Finger', 'Lower Leg', 'Hip', 'Thigh', 'Chest, Pelvis', 'Knee', 'Shoulder', 'Chest', 'Forearm', 'Thoracic Spine', 'Hip, Thigh', 'Pelvis, Thigh', 'Ankle, Lower Leg', 'Hand', 'Chest, Feet', 'Abdomen', 'Elbow, Forearm', 'Sinus', 'Skull', 'Lumbar Spine, Thoracic Spine', 'Elbow', 'Wrist', 'Abdomen, Chest', 'Ankle', 'Finger, Hand', 'Abdomen, Pelvis', 'Forearm, Shoulder', 'Others', 'Cervical Spine, Thoracic Spine', 'Knee, Lower Leg']",174,151,86.7816091954023
/mnt/g/Logtemp/open_clip/Body_Parts_XRay/2023_08_23-07_20_30-model_coca_ViT-L-14-lr_2e-06-b_32-j_4-p_amp/checkpoints,epoch_120,"['Ankle, Feet', 'Hand, Wrist', 'Chest, Finger', 'Pelvis', 'Feet', 'Hip, Knee, Thigh', 'Ankle, Knee, Lower Leg', 'Lumbar Spine', 'Cervical Spine', 'Cervical Spine, Lumbar Spine, Thoracic Spine', 'Clavicles', 'Finger', 'Lower Leg', 'Hip', 'Thigh', 'Chest, Pelvis', 'Knee', 'Shoulder', 'Chest', 'Forearm', 'Thoracic Spine', 'Hip, Thigh', 'Pelvis, Thigh', 'Ankle, Lower Leg', 'Hand', 'Chest, Feet', 'Abdomen', 'Elbow, Forearm', 'Sinus', 'Skull', 'Lumbar Spine, Thoracic Spine', 'Elbow', 'Wrist', 'Abdomen, Chest', 'Ankle', 'Finger, Hand', 'Abdomen, Pelvis', 'Forearm, Shoulder', 'Others', 'Cervical Spine, Thoracic Spine', 'Knee, Lower Leg']",174,154,88.50574712643679
/mnt/g/Logtemp/open_clip/Body_Parts_XRay/2023_08_23-07_20_30-model_coca_ViT-L-14-lr_2e-06-b_32-j_4-p_amp/checkpoints,epoch_123,"['Ankle, Feet', 'Hand, Wrist', 'Chest, Finger', 'Pelvis', 'Feet', 'Hip, Knee, Thigh', 'Ankle, Knee, Lower Leg', 'Lumbar Spine', 'Cervical Spine', 'Cervical Spine, Lumbar Spine, Thoracic Spine', 'Clavicles', 'Finger', 'Lower Leg', 'Hip', 'Thigh', 'Chest, Pelvis', 'Knee', 'Shoulder', 'Chest', 'Forearm', 'Thoracic Spine', 'Hip, Thigh', 'Pelvis, Thigh', 'Ankle, Lower Leg', 'Hand', 'Chest, Feet', 'Abdomen', 'Elbow, Forearm', 'Sinus', 'Skull', 'Lumbar Spine, Thoracic Spine', 'Elbow', 'Wrist', 'Abdomen, Chest', 'Ankle', 'Finger, Hand', 'Abdomen, Pelvis', 'Forearm, Shoulder', 'Others', 'Cervical Spine, Thoracic Spine', 'Knee, Lower Leg']",174,156,89.65517241379311
/mnt/g/Logtemp/open_clip/Body_Parts_XRay/2023_08_23-07_20_30-model_coca_ViT-L-14-lr_2e-06-b_32-j_4-p_amp/checkpoints,epoch_126,"['Ankle, Feet', 'Hand, Wrist', 'Chest, Finger', 'Pelvis', 'Feet', 'Hip, Knee, Thigh', 'Ankle, Knee, Lower Leg', 'Lumbar Spine', 'Cervical Spine', 'Cervical Spine, Lumbar Spine, Thoracic Spine', 'Clavicles', 'Finger', 'Lower Leg', 'Hip', 'Thigh', 'Chest, Pelvis', 'Knee', 'Shoulder', 'Chest', 'Forearm', 'Thoracic Spine', 'Hip, Thigh', 'Pelvis, Thigh', 'Ankle, Lower Leg', 'Hand', 'Chest, Feet', 'Abdomen', 'Elbow, Forearm', 'Sinus', 'Skull', 'Lumbar Spine, Thoracic Spine', 'Elbow', 'Wrist', 'Abdomen, Chest', 'Ankle', 'Finger, Hand', 'Abdomen, Pelvis', 'Forearm, Shoulder', 'Others', 'Cervical Spine, Thoracic Spine', 'Knee, Lower Leg']",174,163,93.67816091954023
/mnt/g/Logtemp/open_clip/Body_Parts_XRay/2023_08_23-07_20_30-model_coca_ViT-L-14-lr_2e-06-b_32-j_4-p_amp/checkpoints,epoch_129,"['Ankle, Feet', 'Hand, Wrist', 'Chest, Finger', 'Pelvis', 'Feet', 'Hip, Knee, Thigh', 'Ankle, Knee, Lower Leg', 'Lumbar Spine', 'Cervical Spine', 'Cervical Spine, Lumbar Spine, Thoracic Spine', 'Clavicles', 'Finger', 'Lower Leg', 'Hip', 'Thigh', 'Chest, Pelvis', 'Knee', 'Shoulder', 'Chest', 'Forearm', 'Thoracic Spine', 'Hip, Thigh', 'Pelvis, Thigh', 'Ankle, Lower Leg', 'Hand', 'Chest, Feet', 'Abdomen', 'Elbow, Forearm', 'Sinus', 'Skull', 'Lumbar Spine, Thoracic Spine', 'Elbow', 'Wrist', 'Abdomen, Chest', 'Ankle', 'Finger, Hand', 'Abdomen, Pelvis', 'Forearm, Shoulder', 'Others', 'Cervical Spine, Thoracic Spine', 'Knee, Lower Leg']",174,154,88.50574712643679
/mnt/g/Logtemp/open_clip/Body_Parts_XRay/2023_08_23-07_20_30-model_coca_ViT-L-14-lr_2e-06-b_32-j_4-p_amp/checkpoints,epoch_132,"['Ankle, Feet', 'Hand, Wrist', 'Chest, Finger', 'Pelvis', 'Feet', 'Hip, Knee, Thigh', 'Ankle, Knee, Lower Leg', 'Lumbar Spine', 'Cervical Spine', 'Cervical Spine, Lumbar Spine, Thoracic Spine', 'Clavicles', 'Finger', 'Lower Leg', 'Hip', 'Thigh', 'Chest, Pelvis', 'Knee', 'Shoulder', 'Chest', 'Forearm', 'Thoracic Spine', 'Hip, Thigh', 'Pelvis, Thigh', 'Ankle, Lower Leg', 'Hand', 'Chest, Feet', 'Abdomen', 'Elbow, Forearm', 'Sinus', 'Skull', 'Lumbar Spine, Thoracic Spine', 'Elbow', 'Wrist', 'Abdomen, Chest', 'Ankle', 'Finger, Hand', 'Abdomen, Pelvis', 'Forearm, Shoulder', 'Others', 'Cervical Spine, Thoracic Spine', 'Knee, Lower Leg']",174,156,89.65517241379311
/mnt/g/Logtemp/open_clip/Body_Parts_XRay/2023_08_23-07_20_30-model_coca_ViT-L-14-lr_2e-06-b_32-j_4-p_amp/checkpoints,epoch_135,"['Ankle, Feet', 'Hand, Wrist', 'Chest, Finger', 'Pelvis', 'Feet', 'Hip, Knee, Thigh', 'Ankle, Knee, Lower Leg', 'Lumbar Spine', 'Cervical Spine', 'Cervical Spine, Lumbar Spine, Thoracic Spine', 'Clavicles', 'Finger', 'Lower Leg', 'Hip', 'Thigh', 'Chest, Pelvis', 'Knee', 'Shoulder', 'Chest', 'Forearm', 'Thoracic Spine', 'Hip, Thigh', 'Pelvis, Thigh', 'Ankle, Lower Leg', 'Hand', 'Chest, Feet', 'Abdomen', 'Elbow, Forearm', 'Sinus', 'Skull', 'Lumbar Spine, Thoracic Spine', 'Elbow', 'Wrist', 'Abdomen, Chest', 'Ankle', 'Finger, Hand', 'Abdomen, Pelvis', 'Forearm, Shoulder', 'Others', 'Cervical Spine, Thoracic Spine', 'Knee, Lower Leg']",174,162,93.10344827586206
/mnt/g/Logtemp/open_clip/Body_Parts_XRay/2023_08_23-07_20_30-model_coca_ViT-L-14-lr_2e-06-b_32-j_4-p_amp/checkpoints,epoch_138,"['Ankle, Feet', 'Hand, Wrist', 'Chest, Finger', 'Pelvis', 'Feet', 'Hip, Knee, Thigh', 'Ankle, Knee, Lower Leg', 'Lumbar Spine', 'Cervical Spine', 'Cervical Spine, Lumbar Spine, Thoracic Spine', 'Clavicles', 'Finger', 'Lower Leg', 'Hip', 'Thigh', 'Chest, Pelvis', 'Knee', 'Shoulder', 'Chest', 'Forearm', 'Thoracic Spine', 'Hip, Thigh', 'Pelvis, Thigh', 'Ankle, Lower Leg', 'Hand', 'Chest, Feet', 'Abdomen', 'Elbow, Forearm', 'Sinus', 'Skull', 'Lumbar Spine, Thoracic Spine', 'Elbow', 'Wrist', 'Abdomen, Chest', 'Ankle', 'Finger, Hand', 'Abdomen, Pelvis', 'Forearm, Shoulder', 'Others', 'Cervical Spine, Thoracic Spine', 'Knee, Lower Leg']",174,157,90.22988505747126
/mnt/g/Logtemp/open_clip/Body_Parts_XRay/2023_08_23-07_20_30-model_coca_ViT-L-14-lr_2e-06-b_32-j_4-p_amp/checkpoints,epoch_141,"['Ankle, Feet', 'Hand, Wrist', 'Chest, Finger', 'Pelvis', 'Feet', 'Hip, Knee, Thigh', 'Ankle, Knee, Lower Leg', 'Lumbar Spine', 'Cervical Spine', 'Cervical Spine, Lumbar Spine, Thoracic Spine', 'Clavicles', 'Finger', 'Lower Leg', 'Hip', 'Thigh', 'Chest, Pelvis', 'Knee', 'Shoulder', 'Chest', 'Forearm', 'Thoracic Spine', 'Hip, Thigh', 'Pelvis, Thigh', 'Ankle, Lower Leg', 'Hand', 'Chest, Feet', 'Abdomen', 'Elbow, Forearm', 'Sinus', 'Skull', 'Lumbar Spine, Thoracic Spine', 'Elbow', 'Wrist', 'Abdomen, Chest', 'Ankle', 'Finger, Hand', 'Abdomen, Pelvis', 'Forearm, Shoulder', 'Others', 'Cervical Spine, Thoracic Spine', 'Knee, Lower Leg']",174,160,91.95402298850574
/mnt/g/Logtemp/open_clip/Body_Parts_XRay/2023_08_23-07_20_30-model_coca_ViT-L-14-lr_2e-06-b_32-j_4-p_amp/checkpoints,epoch_144,"['Ankle, Feet', 'Hand, Wrist', 'Chest, Finger', 'Pelvis', 'Feet', 'Hip, Knee, Thigh', 'Ankle, Knee, Lower Leg', 'Lumbar Spine', 'Cervical Spine', 'Cervical Spine, Lumbar Spine, Thoracic Spine', 'Clavicles', 'Finger', 'Lower Leg', 'Hip', 'Thigh', 'Chest, Pelvis', 'Knee', 'Shoulder', 'Chest', 'Forearm', 'Thoracic Spine', 'Hip, Thigh', 'Pelvis, Thigh', 'Ankle, Lower Leg', 'Hand', 'Chest, Feet', 'Abdomen', 'Elbow, Forearm', 'Sinus', 'Skull', 'Lumbar Spine, Thoracic Spine', 'Elbow', 'Wrist', 'Abdomen, Chest', 'Ankle', 'Finger, Hand', 'Abdomen, Pelvis', 'Forearm, Shoulder', 'Others', 'Cervical Spine, Thoracic Spine', 'Knee, Lower Leg']",174,162,93.10344827586206
/mnt/g/Logtemp/open_clip/Body_Parts_XRay/2023_08_23-07_20_30-model_coca_ViT-L-14-lr_2e-06-b_32-j_4-p_amp/checkpoints,epoch_147,"['Ankle, Feet', 'Hand, Wrist', 'Chest, Finger', 'Pelvis', 'Feet', 'Hip, Knee, Thigh', 'Ankle, Knee, Lower Leg', 'Lumbar Spine', 'Cervical Spine', 'Cervical Spine, Lumbar Spine, Thoracic Spine', 'Clavicles', 'Finger', 'Lower Leg', 'Hip', 'Thigh', 'Chest, Pelvis', 'Knee', 'Shoulder', 'Chest', 'Forearm', 'Thoracic Spine', 'Hip, Thigh', 'Pelvis, Thigh', 'Ankle, Lower Leg', 'Hand', 'Chest, Feet', 'Abdomen', 'Elbow, Forearm', 'Sinus', 'Skull', 'Lumbar Spine, Thoracic Spine', 'Elbow', 'Wrist', 'Abdomen, Chest', 'Ankle', 'Finger, Hand', 'Abdomen, Pelvis', 'Forearm, Shoulder', 'Others', 'Cervical Spine, Thoracic Spine', 'Knee, Lower Leg']",174,157,90.22988505747126
/mnt/g/Logtemp/open_clip/Body_Parts_XRay/2023_08_23-07_20_30-model_coca_ViT-L-14-lr_2e-06-b_32-j_4-p_amp/checkpoints,epoch_150,"['Ankle, Feet', 'Hand, Wrist', 'Chest, Finger', 'Pelvis', 'Feet', 'Hip, Knee, Thigh', 'Ankle, Knee, Lower Leg', 'Lumbar Spine', 'Cervical Spine', 'Cervical Spine, Lumbar Spine, Thoracic Spine', 'Clavicles', 'Finger', 'Lower Leg', 'Hip', 'Thigh', 'Chest, Pelvis', 'Knee', 'Shoulder', 'Chest', 'Forearm', 'Thoracic Spine', 'Hip, Thigh', 'Pelvis, Thigh', 'Ankle, Lower Leg', 'Hand', 'Chest, Feet', 'Abdomen', 'Elbow, Forearm', 'Sinus', 'Skull', 'Lumbar Spine, Thoracic Spine', 'Elbow', 'Wrist', 'Abdomen, Chest', 'Ankle', 'Finger, Hand', 'Abdomen, Pelvis', 'Forearm, Shoulder', 'Others', 'Cervical Spine, Thoracic Spine', 'Knee, Lower Leg']",174,159,91.37931034482759
/mnt/g/Logtemp/open_clip/Body_Parts_XRay/2023_08_23-07_20_30-model_coca_ViT-L-14-lr_2e-06-b_32-j_4-p_amp/checkpoints,epoch_153,"['Ankle, Feet', 'Hand, Wrist', 'Chest, Finger', 'Pelvis', 'Feet', 'Hip, Knee, Thigh', 'Ankle, Knee, Lower Leg', 'Lumbar Spine', 'Cervical Spine', 'Cervical Spine, Lumbar Spine, Thoracic Spine', 'Clavicles', 'Finger', 'Lower Leg', 'Hip', 'Thigh', 'Chest, Pelvis', 'Knee', 'Shoulder', 'Chest', 'Forearm', 'Thoracic Spine', 'Hip, Thigh', 'Pelvis, Thigh', 'Ankle, Lower Leg', 'Hand', 'Chest, Feet', 'Abdomen', 'Elbow, Forearm', 'Sinus', 'Skull', 'Lumbar Spine, Thoracic Spine', 'Elbow', 'Wrist', 'Abdomen, Chest', 'Ankle', 'Finger, Hand', 'Abdomen, Pelvis', 'Forearm, Shoulder', 'Others', 'Cervical Spine, Thoracic Spine', 'Knee, Lower Leg']",174,160,91.95402298850574
/mnt/g/Logtemp/open_clip/Body_Parts_XRay/2023_08_23-07_20_30-model_coca_ViT-L-14-lr_2e-06-b_32-j_4-p_amp/checkpoints,epoch_156,"['Ankle, Feet', 'Hand, Wrist', 'Chest, Finger', 'Pelvis', 'Feet', 'Hip, Knee, Thigh', 'Ankle, Knee, Lower Leg', 'Lumbar Spine', 'Cervical Spine', 'Cervical Spine, Lumbar Spine, Thoracic Spine', 'Clavicles', 'Finger', 'Lower Leg', 'Hip', 'Thigh', 'Chest, Pelvis', 'Knee', 'Shoulder', 'Chest', 'Forearm', 'Thoracic Spine', 'Hip, Thigh', 'Pelvis, Thigh', 'Ankle, Lower Leg', 'Hand', 'Chest, Feet', 'Abdomen', 'Elbow, Forearm', 'Sinus', 'Skull', 'Lumbar Spine, Thoracic Spine', 'Elbow', 'Wrist', 'Abdomen, Chest', 'Ankle', 'Finger, Hand', 'Abdomen, Pelvis', 'Forearm, Shoulder', 'Others', 'Cervical Spine, Thoracic Spine', 'Knee, Lower Leg']",174,158,90.80459770114942
/mnt/g/Logtemp/open_clip/Body_Parts_XRay/2023_08_23-07_20_30-model_coca_ViT-L-14-lr_2e-06-b_32-j_4-p_amp/checkpoints,epoch_159,"['Ankle, Feet', 'Hand, Wrist', 'Chest, Finger', 'Pelvis', 'Feet', 'Hip, Knee, Thigh', 'Ankle, Knee, Lower Leg', 'Lumbar Spine', 'Cervical Spine', 'Cervical Spine, Lumbar Spine, Thoracic Spine', 'Clavicles', 'Finger', 'Lower Leg', 'Hip', 'Thigh', 'Chest, Pelvis', 'Knee', 'Shoulder', 'Chest', 'Forearm', 'Thoracic Spine', 'Hip, Thigh', 'Pelvis, Thigh', 'Ankle, Lower Leg', 'Hand', 'Chest, Feet', 'Abdomen', 'Elbow, Forearm', 'Sinus', 'Skull', 'Lumbar Spine, Thoracic Spine', 'Elbow', 'Wrist', 'Abdomen, Chest', 'Ankle', 'Finger, Hand', 'Abdomen, Pelvis', 'Forearm, Shoulder', 'Others', 'Cervical Spine, Thoracic Spine', 'Knee, Lower Leg']",174,160,91.95402298850574
/mnt/g/Logtemp/open_clip/Body_Parts_XRay/2023_08_23-07_20_30-model_coca_ViT-L-14-lr_2e-06-b_32-j_4-p_amp/checkpoints,epoch_162,"['Ankle, Feet', 'Hand, Wrist', 'Chest, Finger', 'Pelvis', 'Feet', 'Hip, Knee, Thigh', 'Ankle, Knee, Lower Leg', 'Lumbar Spine', 'Cervical Spine', 'Cervical Spine, Lumbar Spine, Thoracic Spine', 'Clavicles', 'Finger', 'Lower Leg', 'Hip', 'Thigh', 'Chest, Pelvis', 'Knee', 'Shoulder', 'Chest', 'Forearm', 'Thoracic Spine', 'Hip, Thigh', 'Pelvis, Thigh', 'Ankle, Lower Leg', 'Hand', 'Chest, Feet', 'Abdomen', 'Elbow, Forearm', 'Sinus', 'Skull', 'Lumbar Spine, Thoracic Spine', 'Elbow', 'Wrist', 'Abdomen, Chest', 'Ankle', 'Finger, Hand', 'Abdomen, Pelvis', 'Forearm, Shoulder', 'Others', 'Cervical Spine, Thoracic Spine', 'Knee, Lower Leg']",174,160,91.95402298850574
/mnt/g/Logtemp/open_clip/Body_Parts_XRay/2023_08_23-07_20_30-model_coca_ViT-L-14-lr_2e-06-b_32-j_4-p_amp/checkpoints,epoch_165,"['Ankle, Feet', 'Hand, Wrist', 'Chest, Finger', 'Pelvis', 'Feet', 'Hip, Knee, Thigh', 'Ankle, Knee, Lower Leg', 'Lumbar Spine', 'Cervical Spine', 'Cervical Spine, Lumbar Spine, Thoracic Spine', 'Clavicles', 'Finger', 'Lower Leg', 'Hip', 'Thigh', 'Chest, Pelvis', 'Knee', 'Shoulder', 'Chest', 'Forearm', 'Thoracic Spine', 'Hip, Thigh', 'Pelvis, Thigh', 'Ankle, Lower Leg', 'Hand', 'Chest, Feet', 'Abdomen', 'Elbow, Forearm', 'Sinus', 'Skull', 'Lumbar Spine, Thoracic Spine', 'Elbow', 'Wrist', 'Abdomen, Chest', 'Ankle', 'Finger, Hand', 'Abdomen, Pelvis', 'Forearm, Shoulder', 'Others', 'Cervical Spine, Thoracic Spine', 'Knee, Lower Leg']",174,159,91.37931034482759
/mnt/g/Logtemp/open_clip/Body_Parts_XRay/2023_08_23-07_20_30-model_coca_ViT-L-14-lr_2e-06-b_32-j_4-p_amp/checkpoints,epoch_168,"['Ankle, Feet', 'Hand, Wrist', 'Chest, Finger', 'Pelvis', 'Feet', 'Hip, Knee, Thigh', 'Ankle, Knee, Lower Leg', 'Lumbar Spine', 'Cervical Spine', 'Cervical Spine, Lumbar Spine, Thoracic Spine', 'Clavicles', 'Finger', 'Lower Leg', 'Hip', 'Thigh', 'Chest, Pelvis', 'Knee', 'Shoulder', 'Chest', 'Forearm', 'Thoracic Spine', 'Hip, Thigh', 'Pelvis, Thigh', 'Ankle, Lower Leg', 'Hand', 'Chest, Feet', 'Abdomen', 'Elbow, Forearm', 'Sinus', 'Skull', 'Lumbar Spine, Thoracic Spine', 'Elbow', 'Wrist', 'Abdomen, Chest', 'Ankle', 'Finger, Hand', 'Abdomen, Pelvis', 'Forearm, Shoulder', 'Others', 'Cervical Spine, Thoracic Spine', 'Knee, Lower Leg']",174,158,90.80459770114942
/mnt/g/Logtemp/open_clip/Body_Parts_XRay/2023_08_23-07_20_30-model_coca_ViT-L-14-lr_2e-06-b_32-j_4-p_amp/checkpoints,epoch_171,"['Ankle, Feet', 'Hand, Wrist', 'Chest, Finger', 'Pelvis', 'Feet', 'Hip, Knee, Thigh', 'Ankle, Knee, Lower Leg', 'Lumbar Spine', 'Cervical Spine', 'Cervical Spine, Lumbar Spine, Thoracic Spine', 'Clavicles', 'Finger', 'Lower Leg', 'Hip', 'Thigh', 'Chest, Pelvis', 'Knee', 'Shoulder', 'Chest', 'Forearm', 'Thoracic Spine', 'Hip, Thigh', 'Pelvis, Thigh', 'Ankle, Lower Leg', 'Hand', 'Chest, Feet', 'Abdomen', 'Elbow, Forearm', 'Sinus', 'Skull', 'Lumbar Spine, Thoracic Spine', 'Elbow', 'Wrist', 'Abdomen, Chest', 'Ankle', 'Finger, Hand', 'Abdomen, Pelvis', 'Forearm, Shoulder', 'Others', 'Cervical Spine, Thoracic Spine', 'Knee, Lower Leg']",174,162,93.10344827586206
/mnt/g/Logtemp/open_clip/Body_Parts_XRay/2023_08_23-07_20_30-model_coca_ViT-L-14-lr_2e-06-b_32-j_4-p_amp/checkpoints,epoch_174,"['Ankle, Feet', 'Hand, Wrist', 'Chest, Finger', 'Pelvis', 'Feet', 'Hip, Knee, Thigh', 'Ankle, Knee, Lower Leg', 'Lumbar Spine', 'Cervical Spine', 'Cervical Spine, Lumbar Spine, Thoracic Spine', 'Clavicles', 'Finger', 'Lower Leg', 'Hip', 'Thigh', 'Chest, Pelvis', 'Knee', 'Shoulder', 'Chest', 'Forearm', 'Thoracic Spine', 'Hip, Thigh', 'Pelvis, Thigh', 'Ankle, Lower Leg', 'Hand', 'Chest, Feet', 'Abdomen', 'Elbow, Forearm', 'Sinus', 'Skull', 'Lumbar Spine, Thoracic Spine', 'Elbow', 'Wrist', 'Abdomen, Chest', 'Ankle', 'Finger, Hand', 'Abdomen, Pelvis', 'Forearm, Shoulder', 'Others', 'Cervical Spine, Thoracic Spine', 'Knee, Lower Leg']",174,162,93.10344827586206
/mnt/g/Logtemp/open_clip/Body_Parts_XRay/2023_08_23-07_20_30-model_coca_ViT-L-14-lr_2e-06-b_32-j_4-p_amp/checkpoints,epoch_177,"['Ankle, Feet', 'Hand, Wrist', 'Chest, Finger', 'Pelvis', 'Feet', 'Hip, Knee, Thigh', 'Ankle, Knee, Lower Leg', 'Lumbar Spine', 'Cervical Spine', 'Cervical Spine, Lumbar Spine, Thoracic Spine', 'Clavicles', 'Finger', 'Lower Leg', 'Hip', 'Thigh', 'Chest, Pelvis', 'Knee', 'Shoulder', 'Chest', 'Forearm', 'Thoracic Spine', 'Hip, Thigh', 'Pelvis, Thigh', 'Ankle, Lower Leg', 'Hand', 'Chest, Feet', 'Abdomen', 'Elbow, Forearm', 'Sinus', 'Skull', 'Lumbar Spine, Thoracic Spine', 'Elbow', 'Wrist', 'Abdomen, Chest', 'Ankle', 'Finger, Hand', 'Abdomen, Pelvis', 'Forearm, Shoulder', 'Others', 'Cervical Spine, Thoracic Spine', 'Knee, Lower Leg']",174,158,90.80459770114942
/mnt/g/Logtemp/open_clip/Body_Parts_XRay/2023_08_23-07_20_30-model_coca_ViT-L-14-lr_2e-06-b_32-j_4-p_amp/checkpoints,epoch_180,"['Ankle, Feet', 'Hand, Wrist', 'Chest, Finger', 'Pelvis', 'Feet', 'Hip, Knee, Thigh', 'Ankle, Knee, Lower Leg', 'Lumbar Spine', 'Cervical Spine', 'Cervical Spine, Lumbar Spine, Thoracic Spine', 'Clavicles', 'Finger', 'Lower Leg', 'Hip', 'Thigh', 'Chest, Pelvis', 'Knee', 'Shoulder', 'Chest', 'Forearm', 'Thoracic Spine', 'Hip, Thigh', 'Pelvis, Thigh', 'Ankle, Lower Leg', 'Hand', 'Chest, Feet', 'Abdomen', 'Elbow, Forearm', 'Sinus', 'Skull', 'Lumbar Spine, Thoracic Spine', 'Elbow', 'Wrist', 'Abdomen, Chest', 'Ankle', 'Finger, Hand', 'Abdomen, Pelvis', 'Forearm, Shoulder', 'Others', 'Cervical Spine, Thoracic Spine', 'Knee, Lower Leg']",174,159,91.37931034482759
/mnt/g/Logtemp/open_clip/Body_Parts_XRay/2023_08_23-07_20_30-model_coca_ViT-L-14-lr_2e-06-b_32-j_4-p_amp/checkpoints,epoch_183,"['Ankle, Feet', 'Hand, Wrist', 'Chest, Finger', 'Pelvis', 'Feet', 'Hip, Knee, Thigh', 'Ankle, Knee, Lower Leg', 'Lumbar Spine', 'Cervical Spine', 'Cervical Spine, Lumbar Spine, Thoracic Spine', 'Clavicles', 'Finger', 'Lower Leg', 'Hip', 'Thigh', 'Chest, Pelvis', 'Knee', 'Shoulder', 'Chest', 'Forearm', 'Thoracic Spine', 'Hip, Thigh', 'Pelvis, Thigh', 'Ankle, Lower Leg', 'Hand', 'Chest, Feet', 'Abdomen', 'Elbow, Forearm', 'Sinus', 'Skull', 'Lumbar Spine, Thoracic Spine', 'Elbow', 'Wrist', 'Abdomen, Chest', 'Ankle', 'Finger, Hand', 'Abdomen, Pelvis', 'Forearm, Shoulder', 'Others', 'Cervical Spine, Thoracic Spine', 'Knee, Lower Leg']",174,163,93.67816091954023
/mnt/g/Logtemp/open_clip/Body_Parts_XRay/2023_08_23-07_20_30-model_coca_ViT-L-14-lr_2e-06-b_32-j_4-p_amp/checkpoints,epoch_186,"['Ankle, Feet', 'Hand, Wrist', 'Chest, Finger', 'Pelvis', 'Feet', 'Hip, Knee, Thigh', 'Ankle, Knee, Lower Leg', 'Lumbar Spine', 'Cervical Spine', 'Cervical Spine, Lumbar Spine, Thoracic Spine', 'Clavicles', 'Finger', 'Lower Leg', 'Hip', 'Thigh', 'Chest, Pelvis', 'Knee', 'Shoulder', 'Chest', 'Forearm', 'Thoracic Spine', 'Hip, Thigh', 'Pelvis, Thigh', 'Ankle, Lower Leg', 'Hand', 'Chest, Feet', 'Abdomen', 'Elbow, Forearm', 'Sinus', 'Skull', 'Lumbar Spine, Thoracic Spine', 'Elbow', 'Wrist', 'Abdomen, Chest', 'Ankle', 'Finger, Hand', 'Abdomen, Pelvis', 'Forearm, Shoulder', 'Others', 'Cervical Spine, Thoracic Spine', 'Knee, Lower Leg']",174,162,93.10344827586206
/mnt/g/Logtemp/open_clip/Body_Parts_XRay/2023_08_23-07_20_30-model_coca_ViT-L-14-lr_2e-06-b_32-j_4-p_amp/checkpoints,epoch_189,"['Ankle, Feet', 'Hand, Wrist', 'Chest, Finger', 'Pelvis', 'Feet', 'Hip, Knee, Thigh', 'Ankle, Knee, Lower Leg', 'Lumbar Spine', 'Cervical Spine', 'Cervical Spine, Lumbar Spine, Thoracic Spine', 'Clavicles', 'Finger', 'Lower Leg', 'Hip', 'Thigh', 'Chest, Pelvis', 'Knee', 'Shoulder', 'Chest', 'Forearm', 'Thoracic Spine', 'Hip, Thigh', 'Pelvis, Thigh', 'Ankle, Lower Leg', 'Hand', 'Chest, Feet', 'Abdomen', 'Elbow, Forearm', 'Sinus', 'Skull', 'Lumbar Spine, Thoracic Spine', 'Elbow', 'Wrist', 'Abdomen, Chest', 'Ankle', 'Finger, Hand', 'Abdomen, Pelvis', 'Forearm, Shoulder', 'Others', 'Cervical Spine, Thoracic Spine', 'Knee, Lower Leg']",174,161,92.52873563218391
/mnt/g/Logtemp/open_clip/Body_Parts_XRay/2023_08_23-07_20_30-model_coca_ViT-L-14-lr_2e-06-b_32-j_4-p_amp/checkpoints,epoch_192,"['Ankle, Feet', 'Hand, Wrist', 'Chest, Finger', 'Pelvis', 'Feet', 'Hip, Knee, Thigh', 'Ankle, Knee, Lower Leg', 'Lumbar Spine', 'Cervical Spine', 'Cervical Spine, Lumbar Spine, Thoracic Spine', 'Clavicles', 'Finger', 'Lower Leg', 'Hip', 'Thigh', 'Chest, Pelvis', 'Knee', 'Shoulder', 'Chest', 'Forearm', 'Thoracic Spine', 'Hip, Thigh', 'Pelvis, Thigh', 'Ankle, Lower Leg', 'Hand', 'Chest, Feet', 'Abdomen', 'Elbow, Forearm', 'Sinus', 'Skull', 'Lumbar Spine, Thoracic Spine', 'Elbow', 'Wrist', 'Abdomen, Chest', 'Ankle', 'Finger, Hand', 'Abdomen, Pelvis', 'Forearm, Shoulder', 'Others', 'Cervical Spine, Thoracic Spine', 'Knee, Lower Leg']",174,163,93.67816091954023
/mnt/g/Logtemp/open_clip/Body_Parts_XRay/2023_08_23-07_20_30-model_coca_ViT-L-14-lr_2e-06-b_32-j_4-p_amp/checkpoints,epoch_195,"['Ankle, Feet', 'Hand, Wrist', 'Chest, Finger', 'Pelvis', 'Feet', 'Hip, Knee, Thigh', 'Ankle, Knee, Lower Leg', 'Lumbar Spine', 'Cervical Spine', 'Cervical Spine, Lumbar Spine, Thoracic Spine', 'Clavicles', 'Finger', 'Lower Leg', 'Hip', 'Thigh', 'Chest, Pelvis', 'Knee', 'Shoulder', 'Chest', 'Forearm', 'Thoracic Spine', 'Hip, Thigh', 'Pelvis, Thigh', 'Ankle, Lower Leg', 'Hand', 'Chest, Feet', 'Abdomen', 'Elbow, Forearm', 'Sinus', 'Skull', 'Lumbar Spine, Thoracic Spine', 'Elbow', 'Wrist', 'Abdomen, Chest', 'Ankle', 'Finger, Hand', 'Abdomen, Pelvis', 'Forearm, Shoulder', 'Others', 'Cervical Spine, Thoracic Spine', 'Knee, Lower Leg']",174,161,92.52873563218391
/mnt/g/Logtemp/open_clip/Body_Parts_XRay/2023_08_23-07_20_30-model_coca_ViT-L-14-lr_2e-06-b_32-j_4-p_amp/checkpoints,epoch_198,"['Ankle, Feet', 'Hand, Wrist', 'Chest, Finger', 'Pelvis', 'Feet', 'Hip, Knee, Thigh', 'Ankle, Knee, Lower Leg', 'Lumbar Spine', 'Cervical Spine', 'Cervical Spine, Lumbar Spine, Thoracic Spine', 'Clavicles', 'Finger', 'Lower Leg', 'Hip', 'Thigh', 'Chest, Pelvis', 'Knee', 'Shoulder', 'Chest', 'Forearm', 'Thoracic Spine', 'Hip, Thigh', 'Pelvis, Thigh', 'Ankle, Lower Leg', 'Hand', 'Chest, Feet', 'Abdomen', 'Elbow, Forearm', 'Sinus', 'Skull', 'Lumbar Spine, Thoracic Spine', 'Elbow', 'Wrist', 'Abdomen, Chest', 'Ankle', 'Finger, Hand', 'Abdomen, Pelvis', 'Forearm, Shoulder', 'Others', 'Cervical Spine, Thoracic Spine', 'Knee, Lower Leg']",174,161,92.52873563218391
/mnt/g/Logtemp/open_clip/Body_Parts_XRay/2023_08_23-07_20_30-model_coca_ViT-L-14-lr_2e-06-b_32-j_4-p_amp/checkpoints,epoch_201,"['Ankle, Feet', 'Hand, Wrist', 'Chest, Finger', 'Pelvis', 'Feet', 'Hip, Knee, Thigh', 'Ankle, Knee, Lower Leg', 'Lumbar Spine', 'Cervical Spine', 'Cervical Spine, Lumbar Spine, Thoracic Spine', 'Clavicles', 'Finger', 'Lower Leg', 'Hip', 'Thigh', 'Chest, Pelvis', 'Knee', 'Shoulder', 'Chest', 'Forearm', 'Thoracic Spine', 'Hip, Thigh', 'Pelvis, Thigh', 'Ankle, Lower Leg', 'Hand', 'Chest, Feet', 'Abdomen', 'Elbow, Forearm', 'Sinus', 'Skull', 'Lumbar Spine, Thoracic Spine', 'Elbow', 'Wrist', 'Abdomen, Chest', 'Ankle', 'Finger, Hand', 'Abdomen, Pelvis', 'Forearm, Shoulder', 'Others', 'Cervical Spine, Thoracic Spine', 'Knee, Lower Leg']",174,160,91.95402298850574
/mnt/g/Logtemp/open_clip/Body_Parts_XRay/2023_08_23-07_20_30-model_coca_ViT-L-14-lr_2e-06-b_32-j_4-p_amp/checkpoints,epoch_204,"['Ankle, Feet', 'Hand, Wrist', 'Chest, Finger', 'Pelvis', 'Feet', 'Hip, Knee, Thigh', 'Ankle, Knee, Lower Leg', 'Lumbar Spine', 'Cervical Spine', 'Cervical Spine, Lumbar Spine, Thoracic Spine', 'Clavicles', 'Finger', 'Lower Leg', 'Hip', 'Thigh', 'Chest, Pelvis', 'Knee', 'Shoulder', 'Chest', 'Forearm', 'Thoracic Spine', 'Hip, Thigh', 'Pelvis, Thigh', 'Ankle, Lower Leg', 'Hand', 'Chest, Feet', 'Abdomen', 'Elbow, Forearm', 'Sinus', 'Skull', 'Lumbar Spine, Thoracic Spine', 'Elbow', 'Wrist', 'Abdomen, Chest', 'Ankle', 'Finger, Hand', 'Abdomen, Pelvis', 'Forearm, Shoulder', 'Others', 'Cervical Spine, Thoracic Spine', 'Knee, Lower Leg']",174,160,91.95402298850574
/mnt/g/Logtemp/open_clip/Body_Parts_XRay/2023_08_23-07_20_30-model_coca_ViT-L-14-lr_2e-06-b_32-j_4-p_amp/checkpoints,epoch_207,"['Ankle, Feet', 'Hand, Wrist', 'Chest, Finger', 'Pelvis', 'Feet', 'Hip, Knee, Thigh', 'Ankle, Knee, Lower Leg', 'Lumbar Spine', 'Cervical Spine', 'Cervical Spine, Lumbar Spine, Thoracic Spine', 'Clavicles', 'Finger', 'Lower Leg', 'Hip', 'Thigh', 'Chest, Pelvis', 'Knee', 'Shoulder', 'Chest', 'Forearm', 'Thoracic Spine', 'Hip, Thigh', 'Pelvis, Thigh', 'Ankle, Lower Leg', 'Hand', 'Chest, Feet', 'Abdomen', 'Elbow, Forearm', 'Sinus', 'Skull', 'Lumbar Spine, Thoracic Spine', 'Elbow', 'Wrist', 'Abdomen, Chest', 'Ankle', 'Finger, Hand', 'Abdomen, Pelvis', 'Forearm, Shoulder', 'Others', 'Cervical Spine, Thoracic Spine', 'Knee, Lower Leg']",174,160,91.95402298850574
/mnt/g/Logtemp/open_clip/Body_Parts_XRay/2023_08_23-07_20_30-model_coca_ViT-L-14-lr_2e-06-b_32-j_4-p_amp/checkpoints,epoch_210,"['Ankle, Feet', 'Hand, Wrist', 'Chest, Finger', 'Pelvis', 'Feet', 'Hip, Knee, Thigh', 'Ankle, Knee, Lower Leg', 'Lumbar Spine', 'Cervical Spine', 'Cervical Spine, Lumbar Spine, Thoracic Spine', 'Clavicles', 'Finger', 'Lower Leg', 'Hip', 'Thigh', 'Chest, Pelvis', 'Knee', 'Shoulder', 'Chest', 'Forearm', 'Thoracic Spine', 'Hip, Thigh', 'Pelvis, Thigh', 'Ankle, Lower Leg', 'Hand', 'Chest, Feet', 'Abdomen', 'Elbow, Forearm', 'Sinus', 'Skull', 'Lumbar Spine, Thoracic Spine', 'Elbow', 'Wrist', 'Abdomen, Chest', 'Ankle', 'Finger, Hand', 'Abdomen, Pelvis', 'Forearm, Shoulder', 'Others', 'Cervical Spine, Thoracic Spine', 'Knee, Lower Leg']",174,160,91.95402298850574
/mnt/g/Logtemp/open_clip/Body_Parts_XRay/2023_08_23-07_20_30-model_coca_ViT-L-14-lr_2e-06-b_32-j_4-p_amp/checkpoints,epoch_213,"['Ankle, Feet', 'Hand, Wrist', 'Chest, Finger', 'Pelvis', 'Feet', 'Hip, Knee, Thigh', 'Ankle, Knee, Lower Leg', 'Lumbar Spine', 'Cervical Spine', 'Cervical Spine, Lumbar Spine, Thoracic Spine', 'Clavicles', 'Finger', 'Lower Leg', 'Hip', 'Thigh', 'Chest, Pelvis', 'Knee', 'Shoulder', 'Chest', 'Forearm', 'Thoracic Spine', 'Hip, Thigh', 'Pelvis, Thigh', 'Ankle, Lower Leg', 'Hand', 'Chest, Feet', 'Abdomen', 'Elbow, Forearm', 'Sinus', 'Skull', 'Lumbar Spine, Thoracic Spine', 'Elbow', 'Wrist', 'Abdomen, Chest', 'Ankle', 'Finger, Hand', 'Abdomen, Pelvis', 'Forearm, Shoulder', 'Others', 'Cervical Spine, Thoracic Spine', 'Knee, Lower Leg']",174,161,92.52873563218391
/mnt/g/Logtemp/open_clip/Body_Parts_XRay/2023_08_23-07_20_30-model_coca_ViT-L-14-lr_2e-06-b_32-j_4-p_amp/checkpoints,epoch_216,"['Ankle, Feet', 'Hand, Wrist', 'Chest, Finger', 'Pelvis', 'Feet', 'Hip, Knee, Thigh', 'Ankle, Knee, Lower Leg', 'Lumbar Spine', 'Cervical Spine', 'Cervical Spine, Lumbar Spine, Thoracic Spine', 'Clavicles', 'Finger', 'Lower Leg', 'Hip', 'Thigh', 'Chest, Pelvis', 'Knee', 'Shoulder', 'Chest', 'Forearm', 'Thoracic Spine', 'Hip, Thigh', 'Pelvis, Thigh', 'Ankle, Lower Leg', 'Hand', 'Chest, Feet', 'Abdomen', 'Elbow, Forearm', 'Sinus', 'Skull', 'Lumbar Spine, Thoracic Spine', 'Elbow', 'Wrist', 'Abdomen, Chest', 'Ankle', 'Finger, Hand', 'Abdomen, Pelvis', 'Forearm, Shoulder', 'Others', 'Cervical Spine, Thoracic Spine', 'Knee, Lower Leg']",174,163,93.67816091954023
/mnt/g/Logtemp/open_clip/Body_Parts_XRay/2023_08_23-07_20_30-model_coca_ViT-L-14-lr_2e-06-b_32-j_4-p_amp/checkpoints,epoch_219,"['Ankle, Feet', 'Hand, Wrist', 'Chest, Finger', 'Pelvis', 'Feet', 'Hip, Knee, Thigh', 'Ankle, Knee, Lower Leg', 'Lumbar Spine', 'Cervical Spine', 'Cervical Spine, Lumbar Spine, Thoracic Spine', 'Clavicles', 'Finger', 'Lower Leg', 'Hip', 'Thigh', 'Chest, Pelvis', 'Knee', 'Shoulder', 'Chest', 'Forearm', 'Thoracic Spine', 'Hip, Thigh', 'Pelvis, Thigh', 'Ankle, Lower Leg', 'Hand', 'Chest, Feet', 'Abdomen', 'Elbow, Forearm', 'Sinus', 'Skull', 'Lumbar Spine, Thoracic Spine', 'Elbow', 'Wrist', 'Abdomen, Chest', 'Ankle', 'Finger, Hand', 'Abdomen, Pelvis', 'Forearm, Shoulder', 'Others', 'Cervical Spine, Thoracic Spine', 'Knee, Lower Leg']",174,160,91.95402298850574
/mnt/g/Logtemp/open_clip/Body_Parts_XRay/2023_08_23-07_20_30-model_coca_ViT-L-14-lr_2e-06-b_32-j_4-p_amp/checkpoints,epoch_222,"['Ankle, Feet', 'Hand, Wrist', 'Chest, Finger', 'Pelvis', 'Feet', 'Hip, Knee, Thigh', 'Ankle, Knee, Lower Leg', 'Lumbar Spine', 'Cervical Spine', 'Cervical Spine, Lumbar Spine, Thoracic Spine', 'Clavicles', 'Finger', 'Lower Leg', 'Hip', 'Thigh', 'Chest, Pelvis', 'Knee', 'Shoulder', 'Chest', 'Forearm', 'Thoracic Spine', 'Hip, Thigh', 'Pelvis, Thigh', 'Ankle, Lower Leg', 'Hand', 'Chest, Feet', 'Abdomen', 'Elbow, Forearm', 'Sinus', 'Skull', 'Lumbar Spine, Thoracic Spine', 'Elbow', 'Wrist', 'Abdomen, Chest', 'Ankle', 'Finger, Hand', 'Abdomen, Pelvis', 'Forearm, Shoulder', 'Others', 'Cervical Spine, Thoracic Spine', 'Knee, Lower Leg']",174,165,94.82758620689656
/mnt/g/Logtemp/open_clip/Body_Parts_XRay/2023_08_23-07_20_30-model_coca_ViT-L-14-lr_2e-06-b_32-j_4-p_amp/checkpoints,epoch_225,"['Ankle, Feet', 'Hand, Wrist', 'Chest, Finger', 'Pelvis', 'Feet', 'Hip, Knee, Thigh', 'Ankle, Knee, Lower Leg', 'Lumbar Spine', 'Cervical Spine', 'Cervical Spine, Lumbar Spine, Thoracic Spine', 'Clavicles', 'Finger', 'Lower Leg', 'Hip', 'Thigh', 'Chest, Pelvis', 'Knee', 'Shoulder', 'Chest', 'Forearm', 'Thoracic Spine', 'Hip, Thigh', 'Pelvis, Thigh', 'Ankle, Lower Leg', 'Hand', 'Chest, Feet', 'Abdomen', 'Elbow, Forearm', 'Sinus', 'Skull', 'Lumbar Spine, Thoracic Spine', 'Elbow', 'Wrist', 'Abdomen, Chest', 'Ankle', 'Finger, Hand', 'Abdomen, Pelvis', 'Forearm, Shoulder', 'Others', 'Cervical Spine, Thoracic Spine', 'Knee, Lower Leg']",174,160,91.95402298850574
/mnt/g/Logtemp/open_clip/Body_Parts_XRay/2023_08_23-07_20_30-model_coca_ViT-L-14-lr_2e-06-b_32-j_4-p_amp/checkpoints,epoch_228,"['Ankle, Feet', 'Hand, Wrist', 'Chest, Finger', 'Pelvis', 'Feet', 'Hip, Knee, Thigh', 'Ankle, Knee, Lower Leg', 'Lumbar Spine', 'Cervical Spine', 'Cervical Spine, Lumbar Spine, Thoracic Spine', 'Clavicles', 'Finger', 'Lower Leg', 'Hip', 'Thigh', 'Chest, Pelvis', 'Knee', 'Shoulder', 'Chest', 'Forearm', 'Thoracic Spine', 'Hip, Thigh', 'Pelvis, Thigh', 'Ankle, Lower Leg', 'Hand', 'Chest, Feet', 'Abdomen', 'Elbow, Forearm', 'Sinus', 'Skull', 'Lumbar Spine, Thoracic Spine', 'Elbow', 'Wrist', 'Abdomen, Chest', 'Ankle', 'Finger, Hand', 'Abdomen, Pelvis', 'Forearm, Shoulder', 'Others', 'Cervical Spine, Thoracic Spine', 'Knee, Lower Leg']",174,161,92.52873563218391
/mnt/g/Logtemp/open_clip/Body_Parts_XRay/2023_08_23-07_20_30-model_coca_ViT-L-14-lr_2e-06-b_32-j_4-p_amp/checkpoints,epoch_231,"['Ankle, Feet', 'Hand, Wrist', 'Chest, Finger', 'Pelvis', 'Feet', 'Hip, Knee, Thigh', 'Ankle, Knee, Lower Leg', 'Lumbar Spine', 'Cervical Spine', 'Cervical Spine, Lumbar Spine, Thoracic Spine', 'Clavicles', 'Finger', 'Lower Leg', 'Hip', 'Thigh', 'Chest, Pelvis', 'Knee', 'Shoulder', 'Chest', 'Forearm', 'Thoracic Spine', 'Hip, Thigh', 'Pelvis, Thigh', 'Ankle, Lower Leg', 'Hand', 'Chest, Feet', 'Abdomen', 'Elbow, Forearm', 'Sinus', 'Skull', 'Lumbar Spine, Thoracic Spine', 'Elbow', 'Wrist', 'Abdomen, Chest', 'Ankle', 'Finger, Hand', 'Abdomen, Pelvis', 'Forearm, Shoulder', 'Others', 'Cervical Spine, Thoracic Spine', 'Knee, Lower Leg']",174,160,91.95402298850574
/mnt/g/Logtemp/open_clip/Body_Parts_XRay/2023_08_23-07_20_30-model_coca_ViT-L-14-lr_2e-06-b_32-j_4-p_amp/checkpoints,epoch_234,"['Ankle, Feet', 'Hand, Wrist', 'Chest, Finger', 'Pelvis', 'Feet', 'Hip, Knee, Thigh', 'Ankle, Knee, Lower Leg', 'Lumbar Spine', 'Cervical Spine', 'Cervical Spine, Lumbar Spine, Thoracic Spine', 'Clavicles', 'Finger', 'Lower Leg', 'Hip', 'Thigh', 'Chest, Pelvis', 'Knee', 'Shoulder', 'Chest', 'Forearm', 'Thoracic Spine', 'Hip, Thigh', 'Pelvis, Thigh', 'Ankle, Lower Leg', 'Hand', 'Chest, Feet', 'Abdomen', 'Elbow, Forearm', 'Sinus', 'Skull', 'Lumbar Spine, Thoracic Spine', 'Elbow', 'Wrist', 'Abdomen, Chest', 'Ankle', 'Finger, Hand', 'Abdomen, Pelvis', 'Forearm, Shoulder', 'Others', 'Cervical Spine, Thoracic Spine', 'Knee, Lower Leg']",174,163,93.67816091954023
/mnt/g/Logtemp/open_clip/Body_Parts_XRay/2023_08_23-07_20_30-model_coca_ViT-L-14-lr_2e-06-b_32-j_4-p_amp/checkpoints,epoch_237,"['Ankle, Feet', 'Hand, Wrist', 'Chest, Finger', 'Pelvis', 'Feet', 'Hip, Knee, Thigh', 'Ankle, Knee, Lower Leg', 'Lumbar Spine', 'Cervical Spine', 'Cervical Spine, Lumbar Spine, Thoracic Spine', 'Clavicles', 'Finger', 'Lower Leg', 'Hip', 'Thigh', 'Chest, Pelvis', 'Knee', 'Shoulder', 'Chest', 'Forearm', 'Thoracic Spine', 'Hip, Thigh', 'Pelvis, Thigh', 'Ankle, Lower Leg', 'Hand', 'Chest, Feet', 'Abdomen', 'Elbow, Forearm', 'Sinus', 'Skull', 'Lumbar Spine, Thoracic Spine', 'Elbow', 'Wrist', 'Abdomen, Chest', 'Ankle', 'Finger, Hand', 'Abdomen, Pelvis', 'Forearm, Shoulder', 'Others', 'Cervical Spine, Thoracic Spine', 'Knee, Lower Leg']",174,162,93.10344827586206
/mnt/g/Logtemp/open_clip/Body_Parts_XRay/2023_08_23-07_20_30-model_coca_ViT-L-14-lr_2e-06-b_32-j_4-p_amp/checkpoints,epoch_240,"['Ankle, Feet', 'Hand, Wrist', 'Chest, Finger', 'Pelvis', 'Feet', 'Hip, Knee, Thigh', 'Ankle, Knee, Lower Leg', 'Lumbar Spine', 'Cervical Spine', 'Cervical Spine, Lumbar Spine, Thoracic Spine', 'Clavicles', 'Finger', 'Lower Leg', 'Hip', 'Thigh', 'Chest, Pelvis', 'Knee', 'Shoulder', 'Chest', 'Forearm', 'Thoracic Spine', 'Hip, Thigh', 'Pelvis, Thigh', 'Ankle, Lower Leg', 'Hand', 'Chest, Feet', 'Abdomen', 'Elbow, Forearm', 'Sinus', 'Skull', 'Lumbar Spine, Thoracic Spine', 'Elbow', 'Wrist', 'Abdomen, Chest', 'Ankle', 'Finger, Hand', 'Abdomen, Pelvis', 'Forearm, Shoulder', 'Others', 'Cervical Spine, Thoracic Spine', 'Knee, Lower Leg']",174,160,91.95402298850574
/mnt/g/Logtemp/open_clip/Body_Parts_XRay/2023_08_23-07_20_30-model_coca_ViT-L-14-lr_2e-06-b_32-j_4-p_amp/checkpoints,epoch_243,"['Ankle, Feet', 'Hand, Wrist', 'Chest, Finger', 'Pelvis', 'Feet', 'Hip, Knee, Thigh', 'Ankle, Knee, Lower Leg', 'Lumbar Spine', 'Cervical Spine', 'Cervical Spine, Lumbar Spine, Thoracic Spine', 'Clavicles', 'Finger', 'Lower Leg', 'Hip', 'Thigh', 'Chest, Pelvis', 'Knee', 'Shoulder', 'Chest', 'Forearm', 'Thoracic Spine', 'Hip, Thigh', 'Pelvis, Thigh', 'Ankle, Lower Leg', 'Hand', 'Chest, Feet', 'Abdomen', 'Elbow, Forearm', 'Sinus', 'Skull', 'Lumbar Spine, Thoracic Spine', 'Elbow', 'Wrist', 'Abdomen, Chest', 'Ankle', 'Finger, Hand', 'Abdomen, Pelvis', 'Forearm, Shoulder', 'Others', 'Cervical Spine, Thoracic Spine', 'Knee, Lower Leg']",174,160,91.95402298850574
/mnt/g/Logtemp/open_clip/Body_Parts_XRay/2023_08_23-07_20_30-model_coca_ViT-L-14-lr_2e-06-b_32-j_4-p_amp/checkpoints,epoch_246,"['Ankle, Feet', 'Hand, Wrist', 'Chest, Finger', 'Pelvis', 'Feet', 'Hip, Knee, Thigh', 'Ankle, Knee, Lower Leg', 'Lumbar Spine', 'Cervical Spine', 'Cervical Spine, Lumbar Spine, Thoracic Spine', 'Clavicles', 'Finger', 'Lower Leg', 'Hip', 'Thigh', 'Chest, Pelvis', 'Knee', 'Shoulder', 'Chest', 'Forearm', 'Thoracic Spine', 'Hip, Thigh', 'Pelvis, Thigh', 'Ankle, Lower Leg', 'Hand', 'Chest, Feet', 'Abdomen', 'Elbow, Forearm', 'Sinus', 'Skull', 'Lumbar Spine, Thoracic Spine', 'Elbow', 'Wrist', 'Abdomen, Chest', 'Ankle', 'Finger, Hand', 'Abdomen, Pelvis', 'Forearm, Shoulder', 'Others', 'Cervical Spine, Thoracic Spine', 'Knee, Lower Leg']",174,163,93.67816091954023
/mnt/g/Logtemp/open_clip/Body_Parts_XRay/2023_08_23-07_20_30-model_coca_ViT-L-14-lr_2e-06-b_32-j_4-p_amp/checkpoints,epoch_249,"['Ankle, Feet', 'Hand, Wrist', 'Chest, Finger', 'Pelvis', 'Feet', 'Hip, Knee, Thigh', 'Ankle, Knee, Lower Leg', 'Lumbar Spine', 'Cervical Spine', 'Cervical Spine, Lumbar Spine, Thoracic Spine', 'Clavicles', 'Finger', 'Lower Leg', 'Hip', 'Thigh', 'Chest, Pelvis', 'Knee', 'Shoulder', 'Chest', 'Forearm', 'Thoracic Spine', 'Hip, Thigh', 'Pelvis, Thigh', 'Ankle, Lower Leg', 'Hand', 'Chest, Feet', 'Abdomen', 'Elbow, Forearm', 'Sinus', 'Skull', 'Lumbar Spine, Thoracic Spine', 'Elbow', 'Wrist', 'Abdomen, Chest', 'Ankle', 'Finger, Hand', 'Abdomen, Pelvis', 'Forearm, Shoulder', 'Others', 'Cervical Spine, Thoracic Spine', 'Knee, Lower Leg']",174,159,91.37931034482759
/mnt/g/Logtemp/open_clip/Body_Parts_XRay/2023_08_23-07_20_30-model_coca_ViT-L-14-lr_2e-06-b_32-j_4-p_amp/checkpoints,epoch_252,"['Ankle, Feet', 'Hand, Wrist', 'Chest, Finger', 'Pelvis', 'Feet', 'Hip, Knee, Thigh', 'Ankle, Knee, Lower Leg', 'Lumbar Spine', 'Cervical Spine', 'Cervical Spine, Lumbar Spine, Thoracic Spine', 'Clavicles', 'Finger', 'Lower Leg', 'Hip', 'Thigh', 'Chest, Pelvis', 'Knee', 'Shoulder', 'Chest', 'Forearm', 'Thoracic Spine', 'Hip, Thigh', 'Pelvis, Thigh', 'Ankle, Lower Leg', 'Hand', 'Chest, Feet', 'Abdomen', 'Elbow, Forearm', 'Sinus', 'Skull', 'Lumbar Spine, Thoracic Spine', 'Elbow', 'Wrist', 'Abdomen, Chest', 'Ankle', 'Finger, Hand', 'Abdomen, Pelvis', 'Forearm, Shoulder', 'Others', 'Cervical Spine, Thoracic Spine', 'Knee, Lower Leg']",174,160,91.95402298850574
/mnt/g/Logtemp/open_clip/Body_Parts_XRay/2023_08_23-07_20_30-model_coca_ViT-L-14-lr_2e-06-b_32-j_4-p_amp/checkpoints,epoch_255,"['Ankle, Feet', 'Hand, Wrist', 'Chest, Finger', 'Pelvis', 'Feet', 'Hip, Knee, Thigh', 'Ankle, Knee, Lower Leg', 'Lumbar Spine', 'Cervical Spine', 'Cervical Spine, Lumbar Spine, Thoracic Spine', 'Clavicles', 'Finger', 'Lower Leg', 'Hip', 'Thigh', 'Chest, Pelvis', 'Knee', 'Shoulder', 'Chest', 'Forearm', 'Thoracic Spine', 'Hip, Thigh', 'Pelvis, Thigh', 'Ankle, Lower Leg', 'Hand', 'Chest, Feet', 'Abdomen', 'Elbow, Forearm', 'Sinus', 'Skull', 'Lumbar Spine, Thoracic Spine', 'Elbow', 'Wrist', 'Abdomen, Chest', 'Ankle', 'Finger, Hand', 'Abdomen, Pelvis', 'Forearm, Shoulder', 'Others', 'Cervical Spine, Thoracic Spine', 'Knee, Lower Leg']",174,162,93.10344827586206
/mnt/g/Logtemp/open_clip/Body_Parts_XRay/2023_08_23-07_20_30-model_coca_ViT-L-14-lr_2e-06-b_32-j_4-p_amp/checkpoints,epoch_258,"['Ankle, Feet', 'Hand, Wrist', 'Chest, Finger', 'Pelvis', 'Feet', 'Hip, Knee, Thigh', 'Ankle, Knee, Lower Leg', 'Lumbar Spine', 'Cervical Spine', 'Cervical Spine, Lumbar Spine, Thoracic Spine', 'Clavicles', 'Finger', 'Lower Leg', 'Hip', 'Thigh', 'Chest, Pelvis', 'Knee', 'Shoulder', 'Chest', 'Forearm', 'Thoracic Spine', 'Hip, Thigh', 'Pelvis, Thigh', 'Ankle, Lower Leg', 'Hand', 'Chest, Feet', 'Abdomen', 'Elbow, Forearm', 'Sinus', 'Skull', 'Lumbar Spine, Thoracic Spine', 'Elbow', 'Wrist', 'Abdomen, Chest', 'Ankle', 'Finger, Hand', 'Abdomen, Pelvis', 'Forearm, Shoulder', 'Others', 'Cervical Spine, Thoracic Spine', 'Knee, Lower Leg']",174,162,93.10344827586206
/mnt/g/Logtemp/open_clip/Body_Parts_XRay/2023_08_23-07_20_30-model_coca_ViT-L-14-lr_2e-06-b_32-j_4-p_amp/checkpoints,epoch_261,"['Ankle, Feet', 'Hand, Wrist', 'Chest, Finger', 'Pelvis', 'Feet', 'Hip, Knee, Thigh', 'Ankle, Knee, Lower Leg', 'Lumbar Spine', 'Cervical Spine', 'Cervical Spine, Lumbar Spine, Thoracic Spine', 'Clavicles', 'Finger', 'Lower Leg', 'Hip', 'Thigh', 'Chest, Pelvis', 'Knee', 'Shoulder', 'Chest', 'Forearm', 'Thoracic Spine', 'Hip, Thigh', 'Pelvis, Thigh', 'Ankle, Lower Leg', 'Hand', 'Chest, Feet', 'Abdomen', 'Elbow, Forearm', 'Sinus', 'Skull', 'Lumbar Spine, Thoracic Spine', 'Elbow', 'Wrist', 'Abdomen, Chest', 'Ankle', 'Finger, Hand', 'Abdomen, Pelvis', 'Forearm, Shoulder', 'Others', 'Cervical Spine, Thoracic Spine', 'Knee, Lower Leg']",174,161,92.52873563218391
/mnt/g/Logtemp/open_clip/Body_Parts_XRay/2023_08_23-07_20_30-model_coca_ViT-L-14-lr_2e-06-b_32-j_4-p_amp/checkpoints,epoch_264,"['Ankle, Feet', 'Hand, Wrist', 'Chest, Finger', 'Pelvis', 'Feet', 'Hip, Knee, Thigh', 'Ankle, Knee, Lower Leg', 'Lumbar Spine', 'Cervical Spine', 'Cervical Spine, Lumbar Spine, Thoracic Spine', 'Clavicles', 'Finger', 'Lower Leg', 'Hip', 'Thigh', 'Chest, Pelvis', 'Knee', 'Shoulder', 'Chest', 'Forearm', 'Thoracic Spine', 'Hip, Thigh', 'Pelvis, Thigh', 'Ankle, Lower Leg', 'Hand', 'Chest, Feet', 'Abdomen', 'Elbow, Forearm', 'Sinus', 'Skull', 'Lumbar Spine, Thoracic Spine', 'Elbow', 'Wrist', 'Abdomen, Chest', 'Ankle', 'Finger, Hand', 'Abdomen, Pelvis', 'Forearm, Shoulder', 'Others', 'Cervical Spine, Thoracic Spine', 'Knee, Lower Leg']",174,161,92.52873563218391
/mnt/g/Logtemp/open_clip/Body_Parts_XRay/2023_08_23-07_20_30-model_coca_ViT-L-14-lr_2e-06-b_32-j_4-p_amp/checkpoints,epoch_267,"['Ankle, Feet', 'Hand, Wrist', 'Chest, Finger', 'Pelvis', 'Feet', 'Hip, Knee, Thigh', 'Ankle, Knee, Lower Leg', 'Lumbar Spine', 'Cervical Spine', 'Cervical Spine, Lumbar Spine, Thoracic Spine', 'Clavicles', 'Finger', 'Lower Leg', 'Hip', 'Thigh', 'Chest, Pelvis', 'Knee', 'Shoulder', 'Chest', 'Forearm', 'Thoracic Spine', 'Hip, Thigh', 'Pelvis, Thigh', 'Ankle, Lower Leg', 'Hand', 'Chest, Feet', 'Abdomen', 'Elbow, Forearm', 'Sinus', 'Skull', 'Lumbar Spine, Thoracic Spine', 'Elbow', 'Wrist', 'Abdomen, Chest', 'Ankle', 'Finger, Hand', 'Abdomen, Pelvis', 'Forearm, Shoulder', 'Others', 'Cervical Spine, Thoracic Spine', 'Knee, Lower Leg']",174,160,91.95402298850574
/mnt/g/Logtemp/open_clip/Body_Parts_XRay/2023_08_23-07_20_30-model_coca_ViT-L-14-lr_2e-06-b_32-j_4-p_amp/checkpoints,epoch_270,"['Ankle, Feet', 'Hand, Wrist', 'Chest, Finger', 'Pelvis', 'Feet', 'Hip, Knee, Thigh', 'Ankle, Knee, Lower Leg', 'Lumbar Spine', 'Cervical Spine', 'Cervical Spine, Lumbar Spine, Thoracic Spine', 'Clavicles', 'Finger', 'Lower Leg', 'Hip', 'Thigh', 'Chest, Pelvis', 'Knee', 'Shoulder', 'Chest', 'Forearm', 'Thoracic Spine', 'Hip, Thigh', 'Pelvis, Thigh', 'Ankle, Lower Leg', 'Hand', 'Chest, Feet', 'Abdomen', 'Elbow, Forearm', 'Sinus', 'Skull', 'Lumbar Spine, Thoracic Spine', 'Elbow', 'Wrist', 'Abdomen, Chest', 'Ankle', 'Finger, Hand', 'Abdomen, Pelvis', 'Forearm, Shoulder', 'Others', 'Cervical Spine, Thoracic Spine', 'Knee, Lower Leg']",174,160,91.95402298850574
/mnt/g/Logtemp/open_clip/Body_Parts_XRay/2023_08_23-07_20_30-model_coca_ViT-L-14-lr_2e-06-b_32-j_4-p_amp/checkpoints,epoch_273,"['Ankle, Feet', 'Hand, Wrist', 'Chest, Finger', 'Pelvis', 'Feet', 'Hip, Knee, Thigh', 'Ankle, Knee, Lower Leg', 'Lumbar Spine', 'Cervical Spine', 'Cervical Spine, Lumbar Spine, Thoracic Spine', 'Clavicles', 'Finger', 'Lower Leg', 'Hip', 'Thigh', 'Chest, Pelvis', 'Knee', 'Shoulder', 'Chest', 'Forearm', 'Thoracic Spine', 'Hip, Thigh', 'Pelvis, Thigh', 'Ankle, Lower Leg', 'Hand', 'Chest, Feet', 'Abdomen', 'Elbow, Forearm', 'Sinus', 'Skull', 'Lumbar Spine, Thoracic Spine', 'Elbow', 'Wrist', 'Abdomen, Chest', 'Ankle', 'Finger, Hand', 'Abdomen, Pelvis', 'Forearm, Shoulder', 'Others', 'Cervical Spine, Thoracic Spine', 'Knee, Lower Leg']",174,161,92.52873563218391
/mnt/g/Logtemp/open_clip/Body_Parts_XRay/2023_08_23-07_20_30-model_coca_ViT-L-14-lr_2e-06-b_32-j_4-p_amp/checkpoints,epoch_276,"['Ankle, Feet', 'Hand, Wrist', 'Chest, Finger', 'Pelvis', 'Feet', 'Hip, Knee, Thigh', 'Ankle, Knee, Lower Leg', 'Lumbar Spine', 'Cervical Spine', 'Cervical Spine, Lumbar Spine, Thoracic Spine', 'Clavicles', 'Finger', 'Lower Leg', 'Hip', 'Thigh', 'Chest, Pelvis', 'Knee', 'Shoulder', 'Chest', 'Forearm', 'Thoracic Spine', 'Hip, Thigh', 'Pelvis, Thigh', 'Ankle, Lower Leg', 'Hand', 'Chest, Feet', 'Abdomen', 'Elbow, Forearm', 'Sinus', 'Skull', 'Lumbar Spine, Thoracic Spine', 'Elbow', 'Wrist', 'Abdomen, Chest', 'Ankle', 'Finger, Hand', 'Abdomen, Pelvis', 'Forearm, Shoulder', 'Others', 'Cervical Spine, Thoracic Spine', 'Knee, Lower Leg']",174,161,92.52873563218391
/mnt/g/Logtemp/open_clip/Body_Parts_XRay/2023_08_23-07_20_30-model_coca_ViT-L-14-lr_2e-06-b_32-j_4-p_amp/checkpoints,epoch_279,"['Ankle, Feet', 'Hand, Wrist', 'Chest, Finger', 'Pelvis', 'Feet', 'Hip, Knee, Thigh', 'Ankle, Knee, Lower Leg', 'Lumbar Spine', 'Cervical Spine', 'Cervical Spine, Lumbar Spine, Thoracic Spine', 'Clavicles', 'Finger', 'Lower Leg', 'Hip', 'Thigh', 'Chest, Pelvis', 'Knee', 'Shoulder', 'Chest', 'Forearm', 'Thoracic Spine', 'Hip, Thigh', 'Pelvis, Thigh', 'Ankle, Lower Leg', 'Hand', 'Chest, Feet', 'Abdomen', 'Elbow, Forearm', 'Sinus', 'Skull', 'Lumbar Spine, Thoracic Spine', 'Elbow', 'Wrist', 'Abdomen, Chest', 'Ankle', 'Finger, Hand', 'Abdomen, Pelvis', 'Forearm, Shoulder', 'Others', 'Cervical Spine, Thoracic Spine', 'Knee, Lower Leg']",174,161,92.52873563218391
/mnt/g/Logtemp/open_clip/Body_Parts_XRay/2023_08_23-07_20_30-model_coca_ViT-L-14-lr_2e-06-b_32-j_4-p_amp/checkpoints,epoch_282,"['Ankle, Feet', 'Hand, Wrist', 'Chest, Finger', 'Pelvis', 'Feet', 'Hip, Knee, Thigh', 'Ankle, Knee, Lower Leg', 'Lumbar Spine', 'Cervical Spine', 'Cervical Spine, Lumbar Spine, Thoracic Spine', 'Clavicles', 'Finger', 'Lower Leg', 'Hip', 'Thigh', 'Chest, Pelvis', 'Knee', 'Shoulder', 'Chest', 'Forearm', 'Thoracic Spine', 'Hip, Thigh', 'Pelvis, Thigh', 'Ankle, Lower Leg', 'Hand', 'Chest, Feet', 'Abdomen', 'Elbow, Forearm', 'Sinus', 'Skull', 'Lumbar Spine, Thoracic Spine', 'Elbow', 'Wrist', 'Abdomen, Chest', 'Ankle', 'Finger, Hand', 'Abdomen, Pelvis', 'Forearm, Shoulder', 'Others', 'Cervical Spine, Thoracic Spine', 'Knee, Lower Leg']",174,161,92.52873563218391
/mnt/g/Logtemp/open_clip/Body_Parts_XRay/2023_08_23-07_20_30-model_coca_ViT-L-14-lr_2e-06-b_32-j_4-p_amp/checkpoints,epoch_285,"['Ankle, Feet', 'Hand, Wrist', 'Chest, Finger', 'Pelvis', 'Feet', 'Hip, Knee, Thigh', 'Ankle, Knee, Lower Leg', 'Lumbar Spine', 'Cervical Spine', 'Cervical Spine, Lumbar Spine, Thoracic Spine', 'Clavicles', 'Finger', 'Lower Leg', 'Hip', 'Thigh', 'Chest, Pelvis', 'Knee', 'Shoulder', 'Chest', 'Forearm', 'Thoracic Spine', 'Hip, Thigh', 'Pelvis, Thigh', 'Ankle, Lower Leg', 'Hand', 'Chest, Feet', 'Abdomen', 'Elbow, Forearm', 'Sinus', 'Skull', 'Lumbar Spine, Thoracic Spine', 'Elbow', 'Wrist', 'Abdomen, Chest', 'Ankle', 'Finger, Hand', 'Abdomen, Pelvis', 'Forearm, Shoulder', 'Others', 'Cervical Spine, Thoracic Spine', 'Knee, Lower Leg']",174,160,91.95402298850574
/mnt/g/Logtemp/open_clip/Body_Parts_XRay/2023_08_23-07_20_30-model_coca_ViT-L-14-lr_2e-06-b_32-j_4-p_amp/checkpoints,epoch_288,"['Ankle, Feet', 'Hand, Wrist', 'Chest, Finger', 'Pelvis', 'Feet', 'Hip, Knee, Thigh', 'Ankle, Knee, Lower Leg', 'Lumbar Spine', 'Cervical Spine', 'Cervical Spine, Lumbar Spine, Thoracic Spine', 'Clavicles', 'Finger', 'Lower Leg', 'Hip', 'Thigh', 'Chest, Pelvis', 'Knee', 'Shoulder', 'Chest', 'Forearm', 'Thoracic Spine', 'Hip, Thigh', 'Pelvis, Thigh', 'Ankle, Lower Leg', 'Hand', 'Chest, Feet', 'Abdomen', 'Elbow, Forearm', 'Sinus', 'Skull', 'Lumbar Spine, Thoracic Spine', 'Elbow', 'Wrist', 'Abdomen, Chest', 'Ankle', 'Finger, Hand', 'Abdomen, Pelvis', 'Forearm, Shoulder', 'Others', 'Cervical Spine, Thoracic Spine', 'Knee, Lower Leg']",174,162,93.10344827586206
/mnt/g/Logtemp/open_clip/Body_Parts_XRay/2023_08_23-07_20_30-model_coca_ViT-L-14-lr_2e-06-b_32-j_4-p_amp/checkpoints,epoch_291,"['Ankle, Feet', 'Hand, Wrist', 'Chest, Finger', 'Pelvis', 'Feet', 'Hip, Knee, Thigh', 'Ankle, Knee, Lower Leg', 'Lumbar Spine', 'Cervical Spine', 'Cervical Spine, Lumbar Spine, Thoracic Spine', 'Clavicles', 'Finger', 'Lower Leg', 'Hip', 'Thigh', 'Chest, Pelvis', 'Knee', 'Shoulder', 'Chest', 'Forearm', 'Thoracic Spine', 'Hip, Thigh', 'Pelvis, Thigh', 'Ankle, Lower Leg', 'Hand', 'Chest, Feet', 'Abdomen', 'Elbow, Forearm', 'Sinus', 'Skull', 'Lumbar Spine, Thoracic Spine', 'Elbow', 'Wrist', 'Abdomen, Chest', 'Ankle', 'Finger, Hand', 'Abdomen, Pelvis', 'Forearm, Shoulder', 'Others', 'Cervical Spine, Thoracic Spine', 'Knee, Lower Leg']",174,162,93.10344827586206
/mnt/g/Logtemp/open_clip/Body_Parts_XRay/2023_08_23-07_20_30-model_coca_ViT-L-14-lr_2e-06-b_32-j_4-p_amp/checkpoints,epoch_294,"['Ankle, Feet', 'Hand, Wrist', 'Chest, Finger', 'Pelvis', 'Feet', 'Hip, Knee, Thigh', 'Ankle, Knee, Lower Leg', 'Lumbar Spine', 'Cervical Spine', 'Cervical Spine, Lumbar Spine, Thoracic Spine', 'Clavicles', 'Finger', 'Lower Leg', 'Hip', 'Thigh', 'Chest, Pelvis', 'Knee', 'Shoulder', 'Chest', 'Forearm', 'Thoracic Spine', 'Hip, Thigh', 'Pelvis, Thigh', 'Ankle, Lower Leg', 'Hand', 'Chest, Feet', 'Abdomen', 'Elbow, Forearm', 'Sinus', 'Skull', 'Lumbar Spine, Thoracic Spine', 'Elbow', 'Wrist', 'Abdomen, Chest', 'Ankle', 'Finger, Hand', 'Abdomen, Pelvis', 'Forearm, Shoulder', 'Others', 'Cervical Spine, Thoracic Spine', 'Knee, Lower Leg']",174,161,92.52873563218391
/mnt/g/Logtemp/open_clip/Body_Parts_XRay/2023_08_23-07_20_30-model_coca_ViT-L-14-lr_2e-06-b_32-j_4-p_amp/checkpoints,epoch_297,"['Ankle, Feet', 'Hand, Wrist', 'Chest, Finger', 'Pelvis', 'Feet', 'Hip, Knee, Thigh', 'Ankle, Knee, Lower Leg', 'Lumbar Spine', 'Cervical Spine', 'Cervical Spine, Lumbar Spine, Thoracic Spine', 'Clavicles', 'Finger', 'Lower Leg', 'Hip', 'Thigh', 'Chest, Pelvis', 'Knee', 'Shoulder', 'Chest', 'Forearm', 'Thoracic Spine', 'Hip, Thigh', 'Pelvis, Thigh', 'Ankle, Lower Leg', 'Hand', 'Chest, Feet', 'Abdomen', 'Elbow, Forearm', 'Sinus', 'Skull', 'Lumbar Spine, Thoracic Spine', 'Elbow', 'Wrist', 'Abdomen, Chest', 'Ankle', 'Finger, Hand', 'Abdomen, Pelvis', 'Forearm, Shoulder', 'Others', 'Cervical Spine, Thoracic Spine', 'Knee, Lower Leg']",174,161,92.52873563218391
/mnt/g/Logtemp/open_clip/Body_Parts_XRay/2023_08_23-07_20_30-model_coca_ViT-L-14-lr_2e-06-b_32-j_4-p_amp/checkpoints,epoch_300,"['Ankle, Feet', 'Hand, Wrist', 'Chest, Finger', 'Pelvis', 'Feet', 'Hip, Knee, Thigh', 'Ankle, Knee, Lower Leg', 'Lumbar Spine', 'Cervical Spine', 'Cervical Spine, Lumbar Spine, Thoracic Spine', 'Clavicles', 'Finger', 'Lower Leg', 'Hip', 'Thigh', 'Chest, Pelvis', 'Knee', 'Shoulder', 'Chest', 'Forearm', 'Thoracic Spine', 'Hip, Thigh', 'Pelvis, Thigh', 'Ankle, Lower Leg', 'Hand', 'Chest, Feet', 'Abdomen', 'Elbow, Forearm', 'Sinus', 'Skull', 'Lumbar Spine, Thoracic Spine', 'Elbow', 'Wrist', 'Abdomen, Chest', 'Ankle', 'Finger, Hand', 'Abdomen, Pelvis', 'Forearm, Shoulder', 'Others', 'Cervical Spine, Thoracic Spine', 'Knee, Lower Leg']",174,160,91.95402298850574
